id;codes;comentarios;impressaodiagnostica;status;statusData;organ;organData;order
347;REMPD;<var1> cm de comprimento em plano dorsal. Moderada perda da diferenciação corticomedular;Rins: caso clinicamente indicado sugerem-se exames complementares.;ANORMAL;not_normal;RIM ESQUERDO;rim_esquerdo;0
346;JEJNDN;jejuno apresentando espessamento focal em camada muscular, medindo aproximadamente <var1> cm, associado a perda de estratificação parietal. Jejuno medindo <var2> cm.;Jejuno: não se descarta processo neoplásico. Caso clinicamente indicado, sugerem-se exames complementares e acompanhamento ultrassonográfico.;ANORMAL;not_normal;INTESTINO DELGADO;intestino_delgado;0
345;SUBMFEL;"Submucosa espessada, medindo <var1> cm em espessura maior.";Submucosa espessada em felinos pode ser um indicativo de deposição de gordura, porém, não se descarta processo neoplásico. Sugerem-se exames complementares e acompanhamento ultrassonográfico a critério clínico.;ANORMAL;not_normal;ESTÔMAGO;estomago;0
344;BAMA;Em baço nota-se estrutura de aspecto massa, medindo pelo menos <var1> cm x <var2> cm, de margens irregulares e limites mal definidos. Vascularização presente ao modo Power Doppler.;Massa esplênica. Dentre os principais diagnósticos diferencias  incluem-se o de processo neoplásico. Caso clinicamente indicado, sugerem-se exames complementates.;ANORMAL;not_normal;BAÇO;baco;0
343;FIGUVA;de dimensões dentro dos limites do gradil costal, superfície rugosa, margens afiladas e irregulares, ecotextura pouco heterogênea. Ecogenicidade mista. Arquitetura vascular portal e intra-hepática tortuosas.;Fígado: processo inflamatório/infeccioso crônico e/ou processo neoplásico.;ANORMAL;not_normal;FÍGADO;figado;0
342;TDECAB;Falta descrição e impressão diagnóstica do código TDECAB;Falta descrição e impressão diagnóstica do código TDECAB;ANORMAL;not_normal;TESTÍCULOS;testiculos;0
341;TEECAB;Falta descrição e impressão diagnóstica do código TEECAB;Falta descrição e impressão diagnóstica do código TEECAB;ANORMAL;not_normal;TESTÍCULOS;testiculos;0
340;LNPREA;linfonodo portal medindo <var1> cm x <var2> cm, com margens pouco irregulares, limites bem definidos, ecotextura homogênea e com ecogenicidade diminuída.;Linfonodo portal reativo a processo inflamatório/infeccioso, não podendo descartar por completo processo neoplásico.;ANORMAL;not_normal;LINFONODOS;linfonodos;0
338;BXCIA;FALTA CADASTRAR BXCIA!!!!;FALTA CADASTRAR BXCIA!!!!;ANORMAL;not_normal;BEXIGA;bexiga;0
337;REHIF;formato mantido e localizado em topografia habitual, medindo <var1> cm de comprimento em plano dorsal. Com aumento de ecogenicidade de corticais. Não há evidências sonográficas de hidronefrose ou imagens compatíveis com cálculos.;Rim esquerdo: O aumento de ecogenicidade de cortical renal é compatível com a idade ou peso do paciente, porém frente, suspeita de nefropatia aguda, sugere-se exames complementares.;ANORMAL;not_normal;RIM ESQUERDO;rim_esquerdo;0
336;REMPDC;rim esquerdo com tamanho preservado, medindo <var1> cm, moderada perda da diferenciação corticomedular. Relação corticomedular preservada.;Não se descarta nefropatia. Caso clinicamente indicado, sugere-se exames complementares.;ANORMAL;not_normal;RIM ESQUERDO;rim_esquerdo;0
335;FAHIFEL;de dimensões fora dos limit
342;TDECAB;Falta descrição e impressão diagnóstica do código TDECAB;Falta descrição e impressão diagnóstica do código TDECAB;ANORMAL;not_normal;TESTÍCULOS;testiculos;0
341;TEECAB;Falta descrição e impressão diagnóstica do código TEECAB;Falta descrição e impressão diagnóstica do código TEECAB;ANORMAL;not_normal;TESTÍCULOS;testiculos;0
340;LNPREA;linfonodo portal medindo <var1> cm x <var2> cm, com margens pouco irregulares, limites bem definidos, ecotextura homogênea e com ecogenicidade diminuída.;Linfonodo portal reativo a processo inflamatório/infeccioso, não podendo descartar por completo processo neoplásico.;ANORMAL;not_normal;LINFONODOS;linfonodos;0
338;BXCIA;FALTA CADASTRAR BXCIA!!!!;FALTA CADASTRAR BXCIA!!!!;ANORMAL;not_normal;BEXIGA;bexiga;0
337;REHIF;formato mantido e localizado em topografia habitual, medindo <var1> cm de comprimento em plano dorsal. Com aumento de ecogenicidade de corticais. Não há evidências sonográficas de hidronefrose ou imagens compatíveis com cálculos.;Rim esquerdo: O aumento de ecogenicidade de cortical renal é compatível com a idade ou peso do paciente, porém frente, suspeita de nefropatia aguda, sugere-se exames complementares.;ANORMAL;not_normal;RIM ESQUERDO;rim_esquerdo;0
336;REMPDC;rim esquerdo com tamanho preservado, medindo <var1> cm, moderada perda da diferenciação corticomedular. Relação corticomedular preservada.;Não se descarta nefropatia. Caso clinicamente indicado, sugere-se exames complementares.;ANORMAL;not_normal;RIM ESQUERDO;rim_esquerdo;0
335;FAHIFEL;de dimensões fora dos limites do gradil costal, superfície lisa, margens afiladas, ecotextura preservada, porém, ecogenicidade aumentada. Arquitetura vascular portal e intra-hepática preservadas quanto ao calibre e trajeto dos vasos.;Hepatomegalia. O aumento da ecogenicidade hepática pode estar relacionado a deposição de gordura (comum em gatos idosos e/ou obesos), porém, não se descarta lipidose, colangiohepatite crônica.';ANORMAL;not_normal;FÍGADO;figado;0
334;FAHIC;de dimensões fora dos limites do gradil costal, superfície lisa, margens afiladas, ecotextura dentro dos limites da normalidade. Ecogenicidade aumentada. Arquitetura vascular portal e intra-hepática preservadas quanto ao calibre e trajeto dos vasos.;Hepatomegalia. O aumento da ecogenicidade hepática possui como principais diagnósticos diferenciais: esteatose (infiltração gordurosa), hepatopatia esteroidal (diabetes mellitus e/ou hipoadrenocorticismo).;ANORMAL;not_normal;FÍGADO;figado;0
333;ESTUL;repleto por conteúdo gasoso e mucoso. Parede espessa em corpo gástrico (medindo aproximadamente <var1> cm) com estratificação parietal mantida. Em corpo de fundo gástrico nota-se discreta descontinuidade de camada mucosa (provável).;Estômago: processo inflamatório/infeccioso (gastrite) associado a prováveis úlceras gástricas. Caso clinicamente indicado sugere-se realização de endoscopia digestiva.;ANORMAL;not_normal;ESTÔMAGO;estomago;0
332;LFESPREA;linfonodo esplênico aumentado de tamanho medindo <var1> cm x <var2> cm, com perda de seu formato, pouco heterogêneos com ecogenicidade diminuída.;Linfonodo esplênico reativo a processo inflamatório/infeccioso, não podendo descartar por completo processo neoplásico.;ANORMAL;not_normal;LINFONODOS;linfonodos;0
331;GASTROENTERITE;2;2;ANORMAL;not_normal;INTESTINO DELGADO;intestino_delgado;328
330;GASTROENTERITE;1;1;ANORMAL;not_normal;ESTÔMAGO;estomago;316
329;CALCULOBX;em parede dorsal nota-se estrutura hiperecogênica.;Cálculo em bexiga.;ANORMAL;not_normal;BEXIGA;bexiga;0
327;OVDMC;FALTA CADASTRAR OVDMC;FALTA CADASTRAR OVDMC;ANORMAL;not_normal;OVÁRIOS;ovario;0
326;OVEMC;FALTA CADASTRAR OVEMC;FALTA CADASTRAR OVEMC;ANORMAL;not_normal;OVÁRIOS;ovario;0
325;BCND;FALTA CADASTRAR;FALTA CADASTRAR;ANORMAL;not_normal;BAÇO;baco;0
324;FARNDN;de dimensões fora dos limites do gradil costal, superfície lisa, margens afiladas, ecotextura dentro dos limites da normalidade. Ecogenicidade diminuída. Arquitetura vascular portal e intra-hepática preservadas quanto ao calibre e trajeto dos vasos.;Hepatomegalia. Fígado reativo a processo inflamatório/infeccioso/toxêmico, não podendo descartar o processo neoplásico.;ANORMAL;not_normal;FÍGADO;figado;0
323;LFIMNDN;FALTA CADASTRAR;FALTA CADASTRAR;ANORMAL;not_normal;LINFONODOS;linfonodos;0
322;COLANGIO;FALTA CADASTRAR;FALTA CADASTRAR;ANORMAL;not_normal;FÍGADO;figado;0
321;LLRHR;pouca quantidade de conteúdo anecogênico livre em recesso hepatorrenal.;Pouca quantidade de líquido livre em recesso hepatorrenal.;ANORMAL;not_normal;OUTROS;outros;0
320;CECOLON;nota-se estrutura de superfície hiperecogênica, formadora de sombreamento acústico posterior, medindo <var1> cm, sem perfuração ou obstrução no momento deste exame.;Cólon: corpo estranho em cólon, sem perfuração ou obstrução no momento deste exame.;ANORMAL;not_normal;CÓLON;colon;0
319;PIO;Corpo de útero aumentado de tamanho medindo <var1> cm, preenchido por conteúdo anecogênico e com moderada quantidade de pontos ecogênicos em suspensão. Paredes espessas e irregulares.;Útero: processo inflamatório / infeccioso (piometra/mucometra).;ANORMAL;not_normal;ÚTERO;utero;0
318;REDPRD;Medindo <var1> cm de comprimento em plano dorsal, com moderada perda da relação e diferenciação corticomedular.;Rim esquerdo: não se descarta nefropatia, caso clinicamente indicado sugere-se exames complementares.;ANORMAL;not_normal;RIM ESQUERDO;rim_esquerdo;0
317;RDDPRD;Medindo <var1> cm de comprimento em plano dorsal, com moderada perda da relação e diferenciação corticomedular.;Rim direito: não se descarta nefropatia, caso clinicamente indicado sugere-se exames complementares.;ANORMAL;not_normal;RIM DIREITO;rim_direito;0
316;LPDA;lobo pancreático direito aumentado de tamanho, medindo <var1> cm, homogêneo e com ecogenicidade dentro da normalidade.;Pâncreas: provável pancreatopatia, caso clinicamente indicado sugere-se exames complementares;ANORMAL;not_normal;PÂNCREAS;pancreas;0
315;ESTDILCA;Estômago dilatado por conteúdo alimentar.;Estômago: dilatado por conteúdo alimentar. Caso clinicamente indicado, sugere-se acompanhamento ultrassonográfico com o animal em jejum;ANORMAL;not_normal;ESTÔMAGO;estomago;0
314;BXDIL;Dilatada por conteúdo anecogênico.;;ANORMAL;not_normal;BEXIGA;bexiga;0
313;TESTEC;Em linha média subcutânea inguinal nota-se testículo medindo <var1>  cm x <var2> cm, com forma, contorno, ecogenicidade e ecotextura preservadas.;Testículo ectópico, localizado em região subcutânea inguinal no momento deste exame.;ANORMAL;not_normal;TESTÍCULOS;testiculos;0
312;REHIDRO;Pelve renal dilatada evoluindo para processo de hidronefrose, medindo <var1> cm;Pielectasia esquerda evoluindo para hidronefrose.;ANORMAL;not_normal;RIM ESQUERDO;rim_esquerdo;0
311;RDHIDRO;Pelve renal dilatada evoluindo para processo de hidronefrose, medindo <var1> cm;Pielectasia direita evoluindo para hidronefrose.;ANORMAL;not_normal;RIM DIREITO;rim_direito;0
310;LPDACRO;Lobo pancreático direito aumentado de tamanho medindo <var1> cm, heterogêneo e com ecogenicidade aumentada.;Pâncreas: provável pancreatite crônica, caso clinicamente indicado sugere-se exames complementares.;ANORMAL;not_normal;PÂNCREAS;pancreas;0
309;TRICO;com conteúdo luminal de padrão misto (gás e alimento), paredes de aspecto sonográfico mantido com padrão em camadas. Em fundo gástrico nota-se estrutura de superfície hiperecogênica formadora de discreto sombreamento acústico posterior medindo <var1> cm.;Estômago: provável tricobezoar (bola de pelo).;ANORMAL;not_normal;ESTÔMAGO;estomago;0
308;HERNIAABD;Descontinuidade de musculatura em região abdominal, medindo <var1> cm. Conteúdo herniado: gordura abdominal.;Hérnia abdominal. Conteúdo herniado no momento deste exame: gordura abdominal, sem sinal ultrassonográfico de encarceramento.;ANORMAL;not_normal;OUTROS;outros;0
307;ADDANDN;aumentada de tamanho, medindo <var1> cm x <var2> cm x <var3> cm (polo caudal x polo cranial x comprimento).;Adrenomegalia direita, não podendo descartar por completo processo neoplásico.;ANORMAL;not_normal;ADRENAL DIREITA;adrenal_direita;0
306;ADEANDN;aumentada de tamanho, medindo <var1> cm x <var2> cm x <var3> cm (polo caudal x polo cranial x comprimento).;Adrenomegalia esquerda, não podendo descartar por completo processo neoplásico.;ANORMAL;not_normal;ADRENAL ESQUERDA;adrenal_esquerda;0
305;BXCMA;repleta por conteúdo anecogênico, com parede cranioventral espessadas e irregulares, medindo <var1> cm. Em parede dorsal nota-se múltiplas estrutura hiperecogênicas, formadoras de sombreamento acústico posterior, medindo <var2> cm a maior e <var3> cm a menor.;Bexiga: processo inflamatório/infeccioso (cistite). Múltiplos cálculos em bexiga.;ANORMAL;not_normal;BEXIGA;bexiga;0
304;VBIEST;preenchida por adequada quantidade de conteúdo anecogênico em parede dorsal nota-se importante quantidade de material ecogênico depositado em fundo.;Vesícula biliar: importante quantidade de lama biliar, podendo estar relacionada a hipofunção motora biliar (senescência) ou comorbidades que levem a alteração da composição da bile.;ANORMAL;not_normal;VESÍCULA BILIAR;vesicula_biliar;0
303;TEMINE;testículo esquerdo com tamanho preservado. apresentando parênquima heterogêneo, multifocos hiperecogênicos, formadores de sombreamento acústico posterior.;Testículo esquerdo apresentando mineralização de parênquima, podendo estar relacionado a senescência ou processo neoplásico.;ANORMAL;not_normal;TESTÍCULOS;testiculos;0
302;AEROEST;repleto por conteúdo gasoso (aerofagia), paredes de aspecto sonográfico mantido com padrão em camadas.;Estômago: dilatado (aerofagia). Caso clinicamente indicado sugere-se exames complementares.;ANORMAL;not_normal;ESTÔMAGO;estomago;3
301;MESADJRINSHIPER;Mesentério adjacente aos rins com aumento da ecogenicidade.;O aumento da ecogenicidade de mesentério adjacente aos rins é indicativo de reatividade a processo inflamatório / infeccioso.;ANORMAL;not_normal;OUTROS;outros;0
300;FREA;de dimensões dentro dos limites do gradil costal, superfície lisa, margens afiladas, ecotextura dentro dos limites da normalidade. Ecogenicidade diminuída. Arquitetura vascular portal e intra-hepática preservadas quanto ao calibre e trajeto dos vasos.;Fígado: reativo a processo inflamatório/infeccioso/toxêmico.;ANORMAL;not_normal;FÍGADO;figado;0
299;UTP;Corpo de útero aumentado de tamanho medindo <var1> cm, preenchido por conteúdo anecogênico e com moderada quantidade de pontos ecogênicos em suspensão. Paredes espessas e irregulares.;Útero: processo inflamatório / infeccioso (piometra/mucometra).;ANORMAL;not_normal;ÚTERO;utero;0
298;ADDAPCA;aumentada de tamanho em polo caudal, medindo <var1> cm x <var2> cm x <var3> cm (polo caudal x polo cranial x comprimento);Adrenomegalia direita.;ANORMAL;not_normal;ADRENAL DIREITA;adrenal_direita;0
297;ADEAPCA;aumentada de tamanho em polo caudal, medindo <var1> cm x <var2> cm x <var3> cm (polo caudal x polo cranial x comprimento);Adrenomegalia esquerda.;ANORMAL;not_normal;ADRENAL ESQUERDA;adrenal_esquerda;0
296;LEPF;linfonodo esplênico aumentado de tamanho medindo <var1> cm x <var2> cm, com perda de seu formato, pouco heterogêneos com ecogenicidade diminuída.;Linfonodo esplênico reativo a processo inflamatório/infeccioso, não podendo descartar por completo processo neoplásico.;ANORMAL;not_normal;LINFONODOS;linfonodos;0
295;FAHE;de dimensões fora dos limites do gradil costal, superfície lisa, margens afiladas, ecotextura preservada, porém, ecogenicidade aumentada. Arquitetura vascular portal e intra-hepática preservadas quanto ao calibre e trajeto dos vasos.;"Hepatomegalia. 
O aumento da ecogenicidade hepática possui como principais diagnósticos diferenciais: esteatose (infiltração gordurosa), hepatopatia esteroidal (diabetes mellitus e/ou hiperadrenocorticismo).";ANORMAL;not_normal;FÍGADO;figado;0
294;ESTLL;Nota-se adjacente ao estômago conteúdo anecogênico livre.;Líquido livre adjacente ao estômago no momento deste exame, caso clinicamente indicado sugere-se exames complementares.;ANORMAL;not_normal;ESTÔMAGO;estomago;0
293;LIMREA;linfonodos ilíaco medial discretamente aumentados de tamanho, pouco heterogêneos com ecogenicidade mista.;Linfonodos ilíaco medial reativos a processo inflamatório/infeccioso.;ANORMAL;not_normal;LINFONODOS;linfonodos;0
292;RECHIC;formato mantido e localizado em topografia habitual, medindo <var1> cm de comprimento em plano dorsal. Com aumento de ecogenicidade de corticais. Não há evidências sonográficas de hidronefrose ou imagens compatíveis com cálculos.;Rim esquerdo: O aumento de ecogenicidade de cortical renal é compatível com a idade ou peso do paciente, porém frente, suspeita de nefropatia aguda, sugere-se exames complementares.;ANORMAL;not_normal;RIM ESQUERDO;rim_esquerdo;0
291;RDCHIC;formato mantido e localizado em topografia habitual, medindo <var1> cm de comprimento em plano dorsal. Com aumento de ecogenicidade de corticais. Não há evidências sonográficas de hidronefrose ou imagens compatíveis com cálculos.;Rim direito: O aumento de ecogenicidade de cortical renal é compatível com a idade ou peso do paciente, porém frente, suspeita de nefropatia aguda, sugere-se exames complementares.;ANORMAL;not_normal;RIM DIREITO;rim_direito;0
290;ESTMR;Mesentério adjacente ao estômago com aumento da ecogenicidade.;O aumento da ecogenicidade de mesentério adjacente ao estômago é indicativo de reatividade a processo inflamatório / infeccioso.;ANORMAL;not_normal;ESTÔMAGO;estomago;0
289;CAVB;repleta, paredes finas e ecogênicas com conteúdo anecogênico e homogêneo. Em parede dorsal nota-se estrutura hiperecogênica, formadora de sombreamento acústico posterior, medindo <var1> cm.;Cálculo em vesícula biliar.;ANORMAL;not_normal;VESÍCULA BILIAR;vesicula_biliar;6
288;REIPRD;Medindo <var1> cm de comprimento em plano dorsal, com importante perda da relação e diferenciação corticomedular.;Rim esquerdo: não se descarta nefropatia, caso clinicamente indicado sugere-se exames complementares.;ANORMAL;not_normal;RIM ESQUERDO;rim_esquerdo;0
287;RDIPRD;Medindo <var1> cm de comprimento em plano dorsal, com importante perda da relação e diferenciação corticomedular.;Rim direito: não se descarta nefropatia, caso clinicamente indicado sugere-se exames complementares.;ANORMAL;not_normal;RIM DIREITO;rim_direito;4
286;UB;em região umbilical nota-se descontinuidade de parede muscular, medindo <var1> cm aproximadamente, com conteúdo herniado no momento deste exame: gordura abdominal.;Presença de hérnia umbilical com gordura abdominal herniada no momento deste exame.;ANORMAL;not_normal;OUTROS;outros;0
285;MESADJHIPERBX;Mesentério adjacente à bexiga com aumento da ecogenicidade.;O aumento da ecogenicidade de mesentério adjacente à bexiga é indicativo de reatividade a processo inflamatório / infeccioso.;ANORMAL;not_normal;BEXIGA;bexiga;0
284;CUD;corno uterino direito medindo aproximadamente <var1> cm, paredes finas e regulares.;;NORMAL;normal;ÚTERO;utero;0
283;CUE;corno uterino esquerdo medindo aproximadamente <var1> cm, paredes finas e regulares.;;NORMAL;normal;ÚTERO;utero;0
282;RDINF;Em cortical renal em porção crânio ventral nota-se área triangular hiperecogênica apresentando irregularidade em contorno de cortical medindo <var1> cm x <var2> cm.;Infarto renal. Caso clinicamente indicado sugere-se exames complementares.;ANORMAL;not_normal;RIM DIREITO;rim_direito;0
281;REIR;Em cortical renal em porção crânio ventral nota-se área triangular hiperecogênica apresentando irregularidade em contorno de cortical, medindo <var1> cm x <var2> cm.;Infarto renal. Caso clinicamente indicado sugere-se exames complementares.;ANORMAL;not_normal;RIM ESQUERDO;rim_esquerdo;2
280;RDIR;Em cortical renal em porção crânio ventral nota-se área triangular hiperecogênica apresentando irregularidade em contorno de cortical.;Infarto renal. Caso clinicamente indicado sugere-se exames complementares.;ANORMAL;not_normal;RIM DIREITO;rim_direito;0
279;REINF;Em cortical renal em porção crânio ventral nota-se área triangular hiperecogênica apresentando irregularidade em contorno de cortical medindo <var1> cm x <var2> cm.;Infarto renal. Caso clinicamente indicado sugere-se exames complementares.;ANORMAL;not_normal;RIM ESQUERDO;rim_esquerdo;5
278;UDCA;Nota-se estrutura hiperecogênica, formadora de sombreamento acústico posterior, medindo <var1> cm em ureter direito.;Cálculo em ureter direito.;ANORMAL;not_normal;RIM DIREITO;rim_direito;0
277;UECA;Nota-se estrutura hiperecogênica, formadora de sombreamento acústico posterior, medindo <var1> cm em ureter esquerdo.;Cálculo em ureter esquerdo;ANORMAL;not_normal;RIM ESQUERDO;rim_esquerdo;2
276;PDCA;Nota-se estrutura hiperecogênica, formadora de sombreamento acústico posterior, medindo <var1> cm em pelve renal.;Cálculo em pelve renal direita.;ANORMAL;not_normal;RIM DIREITO;rim_direito;0
275;PECA;Nota-se estrutura hiperecogênica, formadora de sombreamento acústico posterior, medindo <var1> cm em pelve renal.;Cálculo em pelve renal esquerda.;ANORMAL;not_normal;RIM ESQUERDO;rim_esquerdo;0
274;PEHID;Pelve renal dilatada evoluindo para processo de hidronefrose, medindo <var1> cm;Pielectasia esquerda evoluindo para hidronefrose.;ANORMAL;not_normal;RIM ESQUERDO;rim_esquerdo;0
272;CALCRD;Estrutura hiperecogênica, formadora de sombreamento acústico posterior, medindo <var1> cm em divertículo renal.;Cálculo em rim direito.;ANORMAL;not_normal;RIM DIREITO;rim_direito;0
271;CALCUD;Nota-se estrutura hiperecogênica, formadora de sombreamento acústico posterior, medindo <var1> cm em corno uterino direito.;Cálculo em corno uterino direito.;ANORMAL;not_normal;ÚTERO;utero;0
270;CALCUE;Nota-se estrutura hiperecogênica, formadora de sombreamento acústico posterior, medindo <var1> cm em corno uterino esquerdo.;Cálculo em corno uterino esquerdo.;ANORMAL;not_normal;ÚTERO;utero;0
269;CALCRE;Estrutura hiperecogênica, formadora de sombreamento acústico posterior, medindo <var1> cm em divertículo renal.;Cálculo em rim esquerdo.;ANORMAL;not_normal;RIM ESQUERDO;rim_esquerdo;0
268;REHID;Pelve renal dilatada evoluindo para processo de hidronefrose, medindo <var1> cm;Pielectasia esquerda evoluindo para hidronefrose.;ANORMAL;not_normal;RIM ESQUERDO;rim_esquerdo;0
267;CPCM;Cólon com paredes finas e estratificação parietal preservada, porém preenchido por conteúdo mucoso.;Cólon preenchido por conteúdo mucoso. Caso clinicamente indicado sugere-se exames complementares.;ANORMAL;not_normal;CÓLON;colon;3
266;PTTNDN;aumentada de tamanho, medindo <var1> cm x <var2> cm. Parênquima heterogêneo com ecogenicidade mista e margens irregulares.;Próstata: não se descarta processo neoplásico.;ANORMAL;not_normal;PRÓSTATA;prostata;0
265;ESTCAD;preenchido por conteúdo gasoso, mucoso e alimentar denso, medindo a estrutura densa <var1> cm, formando sombreamento acústico posterior, paredes de aspecto sonográfico mantido com padrão em camadas, não podendo descartar por completo corpo estranho.;A estrutura caracterizada em estômago é compatível com conteúdo alimentar denso, não podendo descartar por completo corpo estranho. Caso clinicamente indicado sugere-se exames complementares.;ANORMAL;not_normal;ESTÔMAGO;estomago;0
264;MESADJBXREA;Mesentério adjacente à bexiga com aumento da ecogenicidade.;O aumento da ecogenicidade de mesentério adjacente à bexiga é indicativo de reatividade a processo inflamatório / infeccioso.;ANORMAL;not_normal;BEXIGA;bexiga;0
263;PECALC;Nota-se estrutura hiperecogênica, formadora de sombreamento acústico posterior, medindo <var1> cm em pelve renal.;Cálculo em pelve renal esquerda.;ANORMAL;not_normal;RIM ESQUERDO;rim_esquerdo;0
262;BXISU;repleta por conteúdo anecogênico, paredes finas e regulares. Importante quantidade de pontos ecogênicos em suspensão e depositados em parede dorsal, não formadores de pouco sombreamento acústico posterior.;Bexiga: importante quantidade de sedimento urinário/debril celular.;ANORMAL;not_normal;BEXIGA;bexiga;0
261;NODBACHIPO;em cabeça esplênica nota-se nódulo hipoecóico, margens regulares e limites bem definidos, medindo <var1> cm X <var2> cm;O nódulo em baço possui como principais diagnósticos diferenciais: hiperplasia nodular (comum em pacientes de meia idade e idosos), hematopoiese extramedular. Caso suspeita de metástase sugere-se exames complementares.;ANORMAL;not_normal;BAÇO;baco;0
260;LPEEDE;Aumentado de tamanho, medindo <var1> cm em lobo esquerdo, com aspecto heterogêneo, associado a conteúdo anecogênico difusamente entremeado, ecotextura mista.;Edema pancreático, podendo estar relacionado aos seguintes diagnósticos diferenciais: pancreatite, hipoalbuminemia, hipervolemia.;ANORMAL;not_normal;PÂNCREAS;pancreas;0
259;FIGHIF;tamanho, forma, contorno e ecotextura preservadas. Bordas afiladas, ecogenicidade aumentada. Vasculatura hepática e portal dentro da normalidade.;O aumento da ecogenicidade de fígado em felinos possui como diagnósticos principais lipidose ou deposição de gordura.;ANORMAL;not_normal;FÍGADO;figado;0
258;TESTE4;ASDASDSDS;ASDFDF;ANORMAL;not_normal;LINFONODOS;linfonodos;0
257;PIOC;cornos uterinos não caracterizados - histórico de ovários alpingo histerectomia. Corpo de útero aumentado de tamanho, medindo <var1> cm x <var2> cm. Preechido por conteúdo fluido com grande quantidade de pontos ecogênicos. Mesentério adjacente hiperecóico.;Piometra de coto.;ANORMAL;not_normal;ÚTERO;utero;1
256;JEJUMUMM;Multiplas porções de jejuno apresentando camada muscular espessada, medindo <var1> cm, relação de 1:1 com camada mucosa, que mede <var2> cm.;Jejuno: provável processo infiltrativo em camada muscular, podendo estar relacionado à doença inflamatória intestinal e/ou processo neoplásico. Sugere-se exames complementares;ANORMAL;not_normal;INTESTINO DELGADO;intestino_delgado;0
255;BXMDB;repleta por conteúdo anecogênico, paredes finas e regulares. Moderada quantidade de pontos ecogênicos em suspensão e depositados em parede dorsal, não formadores de pouco sombreamento acústico posterior.;Bexiga: moderada quantidade de sedimento urinário/debril celular.;ANORMAL;not_normal;BEXIGA;bexiga;0
254;JEJUMUM;Poucas porções de jejuno apresentando camada muscular espessada, medindo <var1> cm, relação de 1:1 com camada mucosa, que mede <var2> cm.;Jejuno: provável processo infiltrativo em camada muscular, podendo estar relacionado à doença inflamatória intestinal e/ou processo neoplásico. Sugere-se exames complementares;ANORMAL;not_normal;INTESTINO DELGADO;intestino_delgado;0
252;OVER;em topografia habitual, apresentando múltiplas estruturas císticas, medindo <var3> cm x <var4> cm. Mesentério adjacente hiperecoico.;Ovário esquerdo remanescente policístico(provável).;ANORMAL;not_normal;OVÁRIOS;ovario;0
251;HPBCPNDN;aumentada de tamanho, medindo <var1> cm x <var2> cm, ecogenicidade mista e ecotextura moderadamente heterogênea.;Hiperplasia prostática benigna com indícios ultrassonográficos de processo inflamatório/infeccioso inicial (prostatite), não podendo descartar por completo do processo neoplásico.;ANORMAL;not_normal;PRÓSTATA;prostata;0
250;FIGAHIC;de dimensões fora dos limites do gradil costal, superfície lisa, margens afiladas, ecotextura dentro dos limites da normalidade. Ecogenicidade aumentada. Arquitetura vascular portal e intra-hepática preservadas quanto ao calibre e trajeto dos vasos.;Hepatomegalia. O aumento da ecogenicidade hepática possui como principais diagnósticos diferenciais: esteatose (infiltração gordurosa), hepatopatia esteroidal (diabetes mellitus e/ou hipoadrenocorticismo).;ANORMAL;not_normal;FÍGADO;figado;0
249;FIGHIC;de dimensões fora dos limites do gradil costal, superfície lisa, margens afiladas, ecotextura dentro dos limites da normalidade. Ecogenicidade aumentada. Arquitetura vascular portal e intra-hepática preservadas quanto ao calibre e trajeto dos vasos.;Hepatomegalia. O aumento da ecogenicidade hepática possui como principais diagnósticos diferenciais: esteatose, hepatopatia esteroidal.;ANORMAL;not_normal;FÍGADO;figado;2
248;RDD;diminuído de tamanho, medindo <var1> cm de comprimento em plano dorsal.;Rim direito: provável nefropatia, caso clinicamente indicado sugere-se exames complementares.;ANORMAL;not_normal;RIM DIREITO;rim_direito;0
247;LPE;lobo pancreático esquerdo medindo <var1> cm, homogêneo e com ecogenicidade dentro da normalidade.;;ANORMAL;not_normal;PÂNCREAS;pancreas;0
246;RED;diminuído de tamanho, medindo <var1> cm de comprimento em plano dorsal.;Rim esq  uerdo: provável nefropatia, caso clinicamente indicado sugere-se exames complementares.;ANORMAL;not_normal;RIM ESQUERDO;rim_esquerdo;0
245;HPBCNDN;próstata aumentada de tamanho, medindo <var1> cm x <var2> cm, discretamente heterogênea com ecogenicidade mista. Múltiplas estruturas semi circulares, anecogênicas, com limites bem definidos e irregulares.;Próstata: hiperplasia prostática benigna cística, não podendo descartar processo neoplásico. Caso clinicamente indicado sugere-se exames complementares.;ANORMAL;not_normal;PRÓSTATA;prostata;0
244;NHIFIGD;Em lobo hepático direito nota-se nódulo hiperecoico, medindo <var1> cm, de limites bem definidos e margens regulares.;;ANORMAL;not_normal;FÍGADO;figado;0
243;CUEHEC;Corno uterino esquerdo e corpo de útero aumentados de tamanho (medindo aproximadamente <var1> cm) preenchidos por pouco conteúdo anecogênico com moderada quantidade de pontos ecogênicos em suspensão. Paredes espessas e irregulares. Múltiplas estruturas circulares anecogênicas entremeadas em endométrio;Útero: processo inflamatório / infeccioso (hiperplasia endometrial cística).;ANORMAL;not_normal;ÚTERO;utero;0
242;LFABDR;linfonodos abdominais discretamente aumentados de tamanho, pouco heterogêneos com ecogenicidade mista.;Linfonodos abdominais reativos a processo inflamatório/infeccioso.;ANORMAL;not_normal;LINFONODOS;linfonodos;0
241;FACO;de dimensões ultrapassando os limites do gradil costal, superfície lisa, margens arredondadas e ecotextura dentro dos limites da normalidade. Ecogenicidade difusamente diminuída. Veia cava caudal e veias hepáticas dilatadas.;"Hepatomegalia.
Congestão venosa hepática. Principais diagnósticos diferenciais: insuficiência cardíaca direita, efusão pericárdica, pericardite restritiva, hipertensão pulmonar, dirofilariose, obstrução da veia cava caudal torácica.";ANORMAL;not_normal;FÍGADO;figado;0
240;FETOSM;Fetos sem batimentos cardíacos, com líquido aminiótico ecogênico e em pequena quantidade, com paredes uterinas espessas e irregulares. Presença de gás intrauterino.;Aspectos ultrassonográficos indicam processo inflamatório/infeccioso associado a morte fetal.;ANORMAL;not_normal;ÚTERO;utero;0
239;COL;Cólon descendente com parede espessada (medindo aproximadamente <var1> cm), porém, com relação parietal preservada.;Cólon: processo inflamatório/infeccioso (colite).;ANORMAL;not_normal;CÓLON;colon;0
238;PTTC;Em próstata, nota-se estrutura circular, de limites bem definidos e margens regulares, preenchida por conteúdo anecogênico medindo <var1> cm x <var2> cm.;Cisto em próstata.;ANORMAL;not_normal;PRÓSTATA;prostata;0
237;CPTT;Em próstata, nota-se estrutura circular, de limites bem definidos e margens regulares, preenchida por conteúdo anecogênico medindo <var1> cm x <var2> cm.;Cisto em próstata;ANORMAL;not_normal;PRÓSTATA;prostata;0
236;ESTINFNDN;repleto por conteúdo gasoso e mucoso. Parede espessa em corpo gástrico (medindo aproximadamente <var1> cm) com estratificação parietal mantida.;Estômago: processo inflamatório / infeccioso (gastrite) não podendo descartar por completo processo neoplásico;ANORMAL;not_normal;ESTÔMAGO;estomago;0
235;BXCI;repleção líquida adequada, paredes difusamente espessada e irregulares, medindo <var1> cm. Em parede dorsal nota-se agregados hiperecoicos aderidos à parede.;Bexiga: processo inflamatório/infeccioso, com os demais achados supracitados em comentários, o primeiro diagnóstico diferencial pode estar relacionado a cistite incrustada alcalina.;ANORMAL;not_normal;BEXIGA;bexiga;0
234;CABX;em parede dorsal nota-se estrutura de superfície hiperecóica, medindo <var1> cm, formando sombreamento acústico posterior.;Cálculo em bexiga.;ANORMAL;not_normal;BEXIGA;bexiga;0
233;INTUCE;"jejuno apresentando aspecto em alvo com múltiplas camadas concêntricas associado a moderada perda de vascularização ao modo Doppler colorido.
Mesentério adjacente hiperecoico.";Imagens ultrassonográficas compatíveis com intussuscepção em intestino delgado associado a corpo estranho.;ANORMAL;not_normal;INTESTINO DELGADO;intestino_delgado;0
232;INTU;"jejuno apresentando aspecto em alvo com múltiplas camadas concêntricas associado a moderada perda de vascularização ao modo Doppler colorido.
Mesentério adjacente hiperecoico.";Imagens ultrassonográficas compatíveis com intussuscepção em intestino delgado.;ANORMAL;not_normal;INTESTINO DELGADO;intestino_delgado;0
231;HPBC;próstata aumentada de tamanho, medindo <var1> cm x <var2> cm, discretamente heterogênea com ecogenicidade mista. Múltiplas estruturas semi circulares, anecogênicas, com limites bem definidos e irregulares.;Próstata: hiperplasia prostática benigna cística.;ANORMAL;not_normal;PRÓSTATA;prostata;0
230;ADDAF;formato mantido, bordas regulares, distinção corticomedular e ecogenicidade preservadas. Medindo <var1> cm x <var2> cm x <var3> cm (polo caudal x polo cranial x comprimento).;Adrenomegalia direita/bilateral podendo estar associada a nefropatia, estresse ou endocrinopatia.;ANORMAL;not_normal;ADRENAL DIREITA;adrenal_direita;0
229;ADEAF;formato mantido, bordas regulares, distinção corticomedular e ecogenicidade preservadas. Medindo <var1> cm x <var2> cm x <var3> cm (polo caudal x polo cranial x comprimento).;Adrenomegalia esquerda/bilateral podendo estar associada a nefropatia, estresse ou endocrinopatia.;ANORMAL;not_normal;ADRENAL ESQUERDA;adrenal_esquerda;0
228;ASD;TESTE;ASDDASDS;ANORMAL;not_normal;LINFONODOS;linfonodos;5
227;AEN;ASTOR EM NORONHA;DE BOAZINHA;ANORMAL;not_normal;LINFONODOS;linfonodos;0
226;VBIEB;preenchida por adequada quantidade de conteúdo anecogênico em parede dorsal nota-se moderada quantidade de material ecogênico depositado em fundo.;Vesícula biliar: importante quantidade de lama biliar, podendo estar relacionada a hipofunção motora biliar (senescência) ou comorbidades que levem a alteração da composição da bile.;ANORMAL;not_normal;VESÍCULA BILIAR;vesicula_biliar;0
225;UMUM;Poucas porções de jejuno apresentando camada muscular espessada, medindo <var1> cm, relação de 1:1 com camada mucosa, que mede <var2> cm.;Jejuno: provável processo infiltrativo em camada muscular, podendo estar relacionado à doença inflamatória intestinal e/ou processo neoplásico. Sugere-se exames complementares;ANORMAL;not_normal;INTESTINO DELGADO;intestino_delgado;20
223;LFAR;linfonodos abdominais discretamente aumentados de tamanho, pouco heterogêneos com ecogenicidade mista.;Linfonodos abdominais reativos a processo inflamatório/infeccioso.;ANORMAL;not_normal;LINFONODOS;linfonodos;0
222;LAR;linfonodos abdominais discretamente aumentados de tamanho, pouco heterogêneos com ecogenicidade mista.;Linfonodos abdominais reativos a processo inflamatório/infeccioso.;ANORMAL;not_normal;LINFONODOS;linfonodos;0
221;LLRER;pouca quantidade de conteúdo anecogênico livre em recesso esplenorrenal.;Pouca quantidade de conteúdo líquido livre abdominal em recesso esplenorrenal.;ANORMAL;not_normal;OUTROS;outros;0
220;LLRHD;pouca quantidade de conteúdo anecogênico livre em recesso hepato diafragmático;Pouca quantidade de líquido livre em recesso hepato diafragmático.;ANORMAL;not_normal;OUTROS;outros;0
218;RECI;em cortical ventral nota-se estrutura circular, anecogênica, margens regulares e limites bem definidos, medindo <var1> cm.;Cisto em cortical renal esquerda.;ANORMAL;not_normal;RIM ESQUERDO;rim_esquerdo;0
215;CPAAGCR;corpo de pâncreas aumentado de tamanho, medindo <var1> cm, heterogêneo, ecogenicidade mista, predominantemente hiperecóico. Mesentério adjacente hiperecogênico.;Corpo de pâncreas: pancreatite crônica agudizada (provável).;ANORMAL;not_normal;PÂNCREAS;pancreas;0
214;AHIPC;áreas hiperecogênicas em topografia anatômica de ovários e corpo de útero — estado pós cirúrgico (histórico de ováriosalpingohisterectomia recente) — dentro da normalidade.;;NORMAL;normal;ÚTERO;utero;0
213;VBMP;repleta, paredes finas e ecogênicas com conteúdo anecogênico associado a importante quantidade de conteúdo ecogênico. Padrão de estriações ecogênicas radiando das paredes para o centro – mucocele parcial.;Vesícula biliar: dilatada com aspectos ultrassonográficos de formação de mucocele parcial. Sem sinal ultrassonográfico de obstrução no momento deste exame.;ANORMAL;not_normal;VESÍCULA BILIAR;vesicula_biliar;0
212;LLESC;Nota-se quantidade de conteúdo anecogênico livre em bolsa escrotal no momento deste exame.;Líquido livre em bolsa escrotal no momento deste exame.;ANORMAL;not_normal;TESTÍCULOS;testiculos;0
211;BXCNDN;repleta por conteúdo anecogênico, com parede cranioventral espessadas e irregulares, medindo <var1> cm.;Bexiga: processo inflamatório/infeccioso (cistite) crônica, não podendo descartar por completo processo neoplásico.;ANORMAL;not_normal;BEXIGA;bexiga;0
210;FAHIPF;de dimensões dentro dos limites do gradil costal, superfície lisa, margens afiladas, ecotextura preservada, porém, ecogenicidade aumentada. Arquitetura vascular portal e intra-hepática preservadas quanto ao calibre e trajeto dos vasos.;O aumento da ecogenicidade hepática pode estar relacionado a deposição de gordura (comum em gatos idosos e/ou obesos), porém, não se descarta lipidose, colangiohepatite crônica.';ANORMAL;not_normal;FÍGADO;figado;0
209;LPDASUBA;Lobo pancreático direito medindo <var1> cm, heterogêneo e com ecogenicidade diminuída.;Pâncreas: provável pancreatite subaguda, caso clinicamente indicado sugere-se exames complementares.;ANORMAL;not_normal;PÂNCREAS;pancreas;0
208;HUB;Descontinuidade de musculatura abdominal em região umbilical, medindo <var1> cm. Conteúdo herniado: gordura abdominal.;Hérnia umbilical. Conteúdo herniado no momento deste exame: gordura abdominal, sem sinal ultrassonográfico de encarceramento.;ANORMAL;not_normal;OUTROS;outros;0
207;RDMAHI;Mesentério adjacente ao rim direito hiperecogênico.;O aumento de ecogenicidade em mesentério adjacente ao rim direito pode ser um indicativo de reatividade a processo inflamatório/infeccioso.;ANORMAL;not_normal;RIM DIREITO;rim_direito;0
206;REMAHI;Mesentério adjacente ao rim esquerdo hiperecogênico.;O aumento de ecogenicidade em mesentério adjacente ao rim esquerdo pode ser um indicativo de reatividade a processo inflamatório/infeccioso.;ANORMAL;not_normal;RIM ESQUERDO;rim_esquerdo;0
205;RDCA;Estrutura hiperecogênica, formadora de sombreamento acústico posterior, medindo <var1> cm em divertículo renal.;Cálculo em rim direito.;ANORMAL;not_normal;RIM DIREITO;rim_direito;0
204;RECA;Estrutura hiperecogênica, formadora de sombreamento acústico posterior, medindo <var1> cm em divertículo renal.;Cálculo em rim esquerdo.;ANORMAL;not_normal;RIM ESQUERDO;rim_esquerdo;0
203;RDDC;diminuído de tamanho, medindo <var1> cm, importante perda da relação e diferenciação corticomedular. Cortical apresentando ecogenicidade mista, predominantemente hiperecogênica, contornos irregulares.;Rim direito: nefropatia crônica, não podendo descartar por completo processo congênito.;ANORMAL;not_normal;RIM DIREITO;rim_direito;1
202;REDC;diminuído de tamanho, medindo <var1> cm, importante perda da relação e diferenciação corticomedular. Cortical apresentando ecogenicidade mista, predominantemente hiperecogênica, contornos irregulares.;Rim esquerdo: nefropatia crônica, não podendo descartar por completo processo congênito.;ANORMAL;not_normal;RIM ESQUERDO;rim_esquerdo;0
201;PNODHIPO;nódulo hipoecóico, medindo aproximadamente <var1> cm x <var2> cm, margens regulares e limites bem definidos.;Nódulo prostático.;ANORMAL;not_normal;PRÓSTATA;prostata;5
200;BXCAME;Cálculo menor medindo <var1> cm.;Cálculo menor em bexiga medindo <var1> cm.;ANORMAL;not_normal;BEXIGA;bexiga;4
199;BXCAMA;Cálculo maior medindo <var1> cm.;Cálculo maior em bexiga medindo <var1> cm.;ANORMAL;not_normal;BEXIGA;bexiga;0
198;HPBP;aumentada de tamanho, medindo <var1> cm x <var2> cm, ecogenicidade mista e ecotextura moderadamente heterogênea.;Hiperplasia prostática benigna com indícios ultrassonográficos de processo inflamatório/infeccioso inicial (prostatite).;ANORMAL;not_normal;PRÓSTATA;prostata;0
197;BXDDC;repleta por conteúdo anecogênico, paredes finas e regulares. Discreta quantidade de pontos ecogênicos em suspensão e depositados em parede dorsal, não formadores de pouco sombreamento acústico posterior.;Bexiga: discreta quantidade de sedimento urinário/debril celular.;ANORMAL;not_normal;BEXIGA;bexiga;6
196;JEJ INF;Poucas porções de jejuno apresentando camada muscular espessada, medindo <var1> cm, relação de 1:1 com camada mucosa, que mede <var2> cm.;Jejuno: provável processo infiltrativo em camada muscular podendo estar relacionado à doença inflamatória intestinal e/ou processo neoplásico. Sugere-se exames complementares.;ANORMAL;not_normal;INTESTINO DELGADO;intestino_delgado;0
195;JEJINF;Poucas porções de jejuno apresentando camada muscular espessada, medindo <var1> cm, relação de 1:1 com camada mucosa, que mede <var2> cm.;Jejuno: provável processo infiltrativo em camada muscular podendo estar relacionado à doença inflamatória intestinal e/ou processo neoplásico. Sugere-se exames complementares.;ANORMAL;not_normal;INTESTINO DELGADO;intestino_delgado;0
194;PCAED;Corpo pancreático aumentado de tamanho medindo <var1> cm, pouco heterogêneo e com ecogenicidade diminuída.;Pâncreas: pancreatite aguda.;ANORMAL;not_normal;PÂNCREAS;pancreas;0
193;LLRHR;pouca quantidade de conteúdo anecogênico livre em recesso hepatorrenal.;Pouca quantidade de líquido livre abdominal no momento deste exame.;ANORMAL;not_normal;OUTROS;outros;1
192;OVD;tamanho, forma, contorno, ecogenicidade e ecotextura preservadas, medindo <var1> cm x <var2> cm;;NORMAL;normal;OVÁRIOS;ovario;0
191;OVE;tamanho, forma, contorno, ecogenicidade e ecotextura preservadas, medindo <var1> cm x <var2> cm;;NORMAL;normal;OVÁRIOS;ovario;0
190;DBCINF;ductos biliar comum pouco dilatado medindo <var1> cm, paredes espessadas. Lumen preenchido por discreta quantidade de conteúdo ecumênico (lama biliar);Convite (provável) associado a estase biliar.;ANORMAL;not_normal;VESÍCULA BILIAR;vesicula_biliar;0
189;LPDED;lobo pancreático direito com tamanho preservado, medindo <var1> cm, homogêneo, margens regulares, porém, ecogenicidade diminuída.;Pâncreas: não se descarta pancreatite incipiente ou sub-aguda.;ANORMAL;not_normal;PÂNCREAS;pancreas;0
188;RDPRD;rim direito com tamanho preservado, medindo <var1> cm, moderada perda da diferenciação e relação corticomedular.;Provável nefropatia. Sugerem-se exames complementares.;ANORMAL;not_normal;RIM DIREITO;rim_direito;182
187;REPRD;rim esquerdo com tamanho preservado, medindo <var1> cm, pouca moderada da diferenciação corticomedular. Relação corticomedular preservada.;Rins: não se descarta mefropatia.;ANORMAL;not_normal;RIM ESQUERDO;rim_esquerdo;0
186;OVDC;Em ovário direito nota-se estrutura circular anecogênica com paredes finas e contornos regulares, com limites bem definidos, medindo <var1> cm x <var2> cm.;Cisto em ovário direito.;ANORMAL;not_normal;OVÁRIOS;ovario;5
185;OVEC;Em ovário esquerdo nota-se estrutura circular anecogênica com paredes finas e contornos regulares, com limites bem definidos, medindo <var1> cm x <var2> cm.;Cisto em ovário esquerdo.;ANORMAL;not_normal;OVÁRIOS;ovario;314
184;JEJESP;Jejuno espessado, medindo <var1> cm com estratificação parietal preservada.;Jejuno: provável processo inflamatório / infeccioso / infiltrativo. Caso clinicamente indicado sugerem-se exames complementares.;ANORMAL;not_normal;INTESTINO DELGADO;intestino_delgado;7
183;BREA;tamanho, forma, contorno e ecotextura preservadas. Parênquima com ecogenicidade diminuída.;Baço: reativo a processo inflamatório/infeccioso/toxêmico.;ANORMAL;not_normal;BAÇO;baco;0
182;LPEARC;Lobo pancreático esquerdo aumentado de tamanho, medindo <var1> cm, heterogêneo, ecogenicidade difusamente aumentada e mesentério adjacente com aumento da ecogenicidade.;Pâncreas: provável pancreatite crônica agudizada.;ANORMAL;not_normal;PÂNCREAS;pancreas;2
181;VBDEB;preenchida por adequada quantidade de conteúdo anecogênico. Em parede dorsal nota-se discreta quantidade de material ecogênico depositado em fundo.;Vesícula biliar: moderada quantidade de lama biliar, podendo estar relacionada a hipofunção motora biliar (senescência) ou comorbidades que levem a alteração da composição da bile.;ANORMAL;not_normal;VESÍCULA BILIAR;vesicula_biliar;0
180;CPA;corpo de pâncreas aumentado de tamanho, medindo <var1>;O aumento de corpo pancreático pode estar relacionado a pancreatite incipiente.;ANORMAL;not_normal;PÂNCREAS;pancreas;0
179;BNHIPOC;em cabeça esplênica nota-se nódulo hipoecóico, moderadamente heterogêneo, margens irregulares, porém, limites bem definidos, medindo <var1>;Nódulo em baço.;ANORMAL;not_normal;BAÇO;baco;316
178;FHIF;de dimensões dentro dos limites do gradil costal, superfície lisa, margens afiladas, ecotextura preservada, porém, ecogenicidade aumentada. Arquitetura vascular portal e intra-hepática preservadas quanto ao calibre e trajeto dos vasos.;O aumento da ecogenicidade hepática pode estar relacionado a deposição de gordura (comum em gatos idosos e/ou obesos). Caso haja suspeita de hepatopatia, sugerem-se exames complementares.;ANORMAL;not_normal;FÍGADO;figado;0
177;BXMDC;repleta por conteúdo anecogênico, paredes finas e regulares. Moderada quantidade de pontos ecogênicos em suspensão e depositados em parede dorsal, não formadores de pouco sombreamento acústico posterior.;Bexiga: moderada quantidade de sedimento urinário/debril celular.;ANORMAL;not_normal;BEXIGA;bexiga;4
176;JEJUU;jejuno apresentando camada muscular espessada, medindo <var1> cm, relação de 1:1 com camada mucosa, que mede <var2> cm.;Jejuno: provável processo infiltrativo em camada muscular, podendo estar relacionado à doença inflamatória intestinal e/ou processo neoplásico. Sugerem-se exames complementares;ANORMAL;not_normal;INTESTINO DELGADO;intestino_delgado;1
175;LPDACR;Lobo pancreático direito aumentado de tamanho medindo <var1> cm, heterogêneo e com ecogenicidade aumentada.;Pâncreas: provável pancreatite crônica, caso clinicamente indicado sugere-se exames complementares.;ANORMAL;not_normal;PÂNCREAS;pancreas;11
174;COLON;espessura preservada, medindo <var1> cm. Estratificação parietal preservada.;;NORMAL;normal;CÓLON;colon;5
173;BXMSU;repleta por conteúdo anecogênico, paredes finas e regulares. Moderada quantidade de pontos ecogênicos depositados em parede dorsal, formadores de pouco sombreamento acústico posterior.;Bexiga: moderada quantidade de sedimento urinário.;ANORMAL;not_normal;BEXIGA;bexiga;311
172;LPDACRAG;lobo pancreático direito aumentado de tamanho, medindo <var1> cm, heterogêneo, ecogenicidade mista predominantemente hiperecogênica, margens irregulares e mesentério adjacente hiperecogênico.;Pâncreas: provável pancreatite crônica agudizada. Sugerem-se exames complementares caso clinicamente indicado.;ANORMAL;not_normal;PÂNCREAS;pancreas;0
171;VBMC;repleta por conteúdo anecogênico e com moderado material ecogênico depositado em fundo (lama biliar), alguns destes agregados formando concreções aderidas em parede.;Vesícula biliar: moderada quantidade de lama biliar, formando concreções. Podendo estar relacionada a hipofunção motora biliar (senescência) ou comorbidades que levem a alteração da composição da bile.;ANORMAL;not_normal;VESÍCULA BILIAR;vesicula_biliar;0
170;LPEED;lobo pancreático esquerdo com tamanho preservado, medindo <var1> cm, homogêneo, margens regulares, porém, ecogenicidade diminuída.;Pâncreas: não se descarta pancreatite incipiente. Caso clinicamente indicado sugere-se exames complementares.;ANORMAL;not_normal;PÂNCREAS;pancreas;0
169;REDPD;rim esquerdo com tamanho preservado, medindo <var1> cm, pouca perda da diferenciação corticomedular. Relação corticomedular preservada.;Não se descarta nefropatia. Caso clinicamente indicado, sugere-se exames complementares.;ANORMAL;not_normal;RIM ESQUERDO;rim_esquerdo;0
168;RDDPD;rim direito com tamanho preservado, medindo <var1> cm, pouca perda da diferenciação corticomedular. Relação corticomedular preservada.;Não se descarta nefropatia. Caso clinicamente indicado, sugere-se exames complementares.;ANORMAL;not_normal;RIM DIREITO;rim_direito;6
167;CEJEJ;Em jejuno nota-se área de aproximadamente <var1> cm de comprimento, intraluminal, formando sombreamento acústico posterior. Alça não dilatada.;Jejuno: provável conteúdo alimentar denso não podendo excluir por completo corpo estranho. Sugere-se acompanhamento ultrassonográfico.;ANORMAL;not_normal;INTESTINO DELGADO;intestino_delgado;2
166;BNHIPO;Em corpo esplênico nota-se nódulo hipoecóico, medindo <var1> cm, de margens regulares e limites bem definidos.;Nódulo em baço. Sugere-se acompanhamento ultrassonográfico.;ANORMAL;not_normal;BAÇO;baco;0
165;JEJ;Jejuno preservado, medindo <var1> cm com estratificação parietal preservada.;;NORMAL;normal;INTESTINO DELGADO;intestino_delgado;7
164;REPDC;rim esquerdo com tamanho preservado, medindo <var1> cm, pouca perda da diferenciação corticomedular. Relação corticomedular preservada.;Não se descarta nefropatia. Caso clinicamente indicado, sugere-se exames complementares.;ANORMAL;not_normal;RIM ESQUERDO;rim_esquerdo;0
163;RDPDC;rim direito com tamanho preservado, medindo <var1> cm, pouca perda da diferenciação corticomedular. Relação corticomedular preservada.;Não se descarta nefropatia. Caso clinicamente indicado, sugere-se exames complementares.;ANORMAL;not_normal;RIM DIREITO;rim_direito;0
162;BXPDC;repleta por conteúdo anecogênico, nota-se pouca quantidade de pontos ecogênicos em suspensão e depositados em parede dorsal.;Bexiga: pouca quantidade de debris celulares / sedimentos urinários em bexiga.;ANORMAL;not_normal;BEXIGA;bexiga;2
161;BXPSU;repleta por conteúdo anecogênico, nota-se pouca quantidade de pontos ecogênicos em suspensão e depositados em parede dorsal.;Bexiga: pouca quantidade de debris celulares / sedimentos urinários em bexiga.;ANORMAL;not_normal;BEXIGA;bexiga;0
160;RDMPD;Tamanho preservado, medindo <var1> cm, perda moderada da diferenciação corticomedular, relação preservada.;Rim direito: não se descarta nefropatia, caso clinicamente indicado sugere-se exames complementares.;ANORMAL;not_normal;RIM DIREITO;rim_direito;10
159;REMPR;Tamanho preservado, medindo <var1> cm, perda moderada da relação corticomedular, diferenciação preservada.;Rim esquerdo: não se descarta nefropatia, caso clinicamente indicado sugere-se exames complementares.;ANORMAL;not_normal;RIM ESQUERDO;rim_esquerdo;315
158;LPDAG;Lobo pancreático direito medindo <var1> cm, heterogêneo e com ecogenicidade diminuída.;Pâncreas: provável pancreatite aguda, caso clinicamente indicado sugere-se exames complementares.;ANORMAL;not_normal;PÂNCREAS;pancreas;0
157;BXCPR;pouca repleção por conteúdo anecogênico, com parede cranioventral espessadas e irregulares, medindo <var1> cm.;Bexiga: processo inflamatório/infeccioso (cistite).;ANORMAL;not_normal;BEXIGA;bexiga;0
156;PTT;tamanho, forma, contorno, ecogenicidade e ecotextura preservadas, medindo <var1> cm x <var2> cm.;;NORMAL;normal;PRÓSTATA;prostata;0
155;GAENT;porções de jejuno apresentando dilatação por conteúdo líquido, mesentério adjacente hiperecogênico, motilidade aumentada.;Intestino delgado: processo inflamatório/infeccioso.;ANORMAL;not_normal;INTESTINO DELGADO;intestino_delgado;0
154;ILA;íleo com estratificação parietal mantida, porém, espessado, medindo <var1>.;"Íleo: possível processo infiltrativo. Tendo como diferenciais processo inflamatório/infeccioso, não podendo descartar por completo processo neopl
asico.";ANORMAL;not_normal;INTESTINO DELGADO;intestino_delgado;6
153;FA;de dimensões fora dos limites do gradil costal, superfície lisa, margens afiladas, ecotextura dentro dos limites da normalidade. Ecogenicidade mantida. Arquitetura vascular portal e intra-hepática preservadas quanto ao calibre e trajeto dos vasos.;Hepatomegalia.;ANORMAL;not_normal;FÍGADO;figado;313
152;RDMPRD;Medindo <var1> cm de comprimento em plano dorsal, com moderada perda da relação e diferenciação corticomedular.;Rim direito: não se descarta nefropatia, caso clinicamente indicado sugere-se exames complementares.;ANORMAL;not_normal;RIM DIREITO;rim_direito;5
151;REMPRD;Medindo <var1> cm de comprimento em plano dorsal, com moderada perda da relação e diferenciação corticomedular.;Rim esquerdo: não se descarta nefropatia, caso clinicamente indicado sugere-se exames complementares.;ANORMAL;not_normal;RIM ESQUERDO;rim_esquerdo;0
150;RECHIF;formato mantido e localizado em topografia habitual, medindo <var1> cm de comprimento em plano dorsal. Com aumento de ecogenicidade de corticais. Não há evidências sonográficas de hidronefrose ou imagens compatíveis com cálculos.;Rim esquerdo: O aumento de ecogenicidade de cortical renal é compatível com a idade ou peso do paciente, porém frente, suspeita de nefropatia aguda, sugere-se exames complementares.;ANORMAL;not_normal;RIM ESQUERDO;rim_esquerdo;0
149;RDCHIF;formato mantido e localizado em topografia habitual, medindo <var1> cm de comprimento em plano dorsal. Com aumento de ecogenicidade de corticais. Não há evidências sonográficas de hidronefrose ou imagens compatíveis com cálculos.;Rim direito: O aumento de ecogenicidade de cortical renal é compatível com a idade ou peso do paciente, porém frente, suspeita de nefropatia aguda, sugere-se exames complementares.;ANORMAL;not_normal;RIM DIREITO;rim_direito;312
148;FIGHIFEL;de dimensões dentro dos limites do gradil costal, superfície lisa, margens afiladas, ecotextura preservada, porém, ecogenicidade aumentada. Arquitetura vascular portal e intra-hepática preservadas quanto ao calibre e trajeto dos vasos.;O aumento da ecogenicidade hepática pode estar relacionado a deposição de gordura (comum em gatos idosos e/ou obesos), porém, não se descarta lipidose, colangiohepatite crônica.;ANORMAL;not_normal;FÍGADO;figado;0
147;HUMB;em região umbilical nota-se descontinuidade de parede muscular, medindo <var1> cm aproximadamente, com conteúdo herniado no momento deste exame: gordura abdominal.;Presença de hérnia umbilical com gordura abdominal herniada no momento deste exame.;ANORMAL;not_normal;OUTROS;outros;0
146;BCONHI;tamanho, forma, contorno, ecogenicidade e ecotextura preservadas. Em corpo esplênico nota-se nódulo hipoecóico, medindo <var1> cm x <var2> cm, de limites bem definidos e margens irregulares.;O nódulo em baço possui como principais diagnósticos diferenciais: hiperplasia nodular (comum em pacientes de meia idade e idosos), hematopoiese extramedular. Caso suspeita de metástase sugere-se exames complementares.;ANORMAL;not_normal;BAÇO;baco;0
145;ESYINF;repleto por conteúdo gasoso e mucoso. Parede espessa em corpo gástrico (medindo aproximadamente <var1> cm) com estratificação parietal mantida.;Estômago: processo inflamatório / infeccioso (gastrite).;ANORMAL;not_normal;ESTÔMAGO;estomago;0
144;LPEASA;Lobo pancreático esquerdo aumentado de tamanho medindo <var1> cm, heterogêneo e com ecogenicidade diminuída no momento deste exame.;Pâncreas: provável pancreatite subaguda, caso clinicamente indicado sugere-se exames complementares.;ANORMAL;not_normal;PÂNCREAS;pancreas;0
143;TD;medindo <var1> cm x <var2> cm, linha mediastinal preservada.;;NORMAL;normal;TESTÍCULOS;testiculos;0
142;TE;medindo <var1> cm x <var2> cm, linha mediastinal preservada.;;NORMAL;normal;TESTÍCULOS;testiculos;0
141;HPB;próstata aumentada de tamanho, medindo <var1> cm x <var2> cm, discretamente heterogênea com ecogenicidade mista.;Próstata: hiperplasia prostática benigna.;ANORMAL;not_normal;PRÓSTATA;prostata;0
140;ADDAPF;aumentada de tamanho, medindo <var1> cm x <var2> cm x <var3> cm (polo caudal x polo cranial x comprimento), com perda de seu formato habitual, estando discretamente irregular, com perda da relação corticomedular.;Adrenomegalia direita.;ANORMAL;not_normal;ADRENAL DIREITA;adrenal_direita;0
139;ADEAPF;aumentada de tamanho, medindo <var1> cm x <var2> cm x <var3> cm (polo caudal x polo cranial x comprimento), com perda de seu formato habitual, estando discretamente irregular, com perda da relação corticomedular.;Adrenomegalia esquerda.;ANORMAL;not_normal;ADRENAL ESQUERDA;adrenal_esquerda;0
138;JEJE;Jejuno espessado, medindo <var1> cm com estratificação parietal preservada.;Jejuno: provável processo inflamatório / infeccioso / infiltrativo. Caso clinicamente indicado sugere-se exames complementares.;ANORMAL;not_normal;INTESTINO DELGADO;intestino_delgado;0
137;CISTORE;Em cortical se nota múltiplas pequenas estruturas circulares, anecogênicas, de margens regulares e limites bem definidos, medindo a maior <var1> cm.;Cisto em rim esquerdo;ANORMAL;not_normal;RIM ESQUERDO;rim_esquerdo;0
136;RDSE;formato mantido e localizado em topografia habitual, medindo <var1> cm de comprimento em plano dorsal. Perda da relação corticomedular, estando a cortical espessada.;Rim direito: provável processo de senescência, porém frente a suspeita de nefropatia, caso clinicamente indicado sugere-se exames complementares.;ANORMAL;not_normal;RIM DIREITO;rim_direito;0
135;RESE;formato mantido e localizado em topografia habitual, medindo <var1> cm de comprimento em plano dorsal. Perda da relação corticomedular, estando a cortical espessada.;Rim esquerdo: provável processo de senescência, porém frente a suspeita de nefropatia, caso clinicamente indicado sugere-se exames complementares.;ANORMAL;not_normal;RIM ESQUERDO;rim_esquerdo;0
134;ESTDILCA;preenchido por conteúdo gasoso, mucos e alimentar, paredes de aspecto sonográfico mantido com padrão em camadas.;Estômago: dilatado por conteúdo alimentar no momento deste exame, caso clinicamente indicado sugere-se acompanhamento ultrassonográfico;ANORMAL;not_normal;ESTÔMAGO;estomago;0
133;LPDACROAG;Lobo pancreático direito aumentado de tamanho, medindo <var1> cm, heterogêneo e com ecogenicidade aumentada e mesentério adjacente com aumento da ecogenicidade.;Pâncreas: provável pancreatite crônica agudizada, caso clinicamente indicado sugere-se exames complementares.;ANORMAL;not_normal;PÂNCREAS;pancreas;0
132;MABXR;Mesentério adjacente à bexiga com aumento da ecogenicidade.;O aumento da ecogenicidade de mesentério adjacente à bexiga é indicativo de reatividade a processo inflamatório / infeccioso.;ANORMAL;not_normal;BEXIGA;bexiga;0
131;JIC;Íleo com espessura e estratificação parietal preservada, medindo <var1> cm, mesentério adjacente dentro da normalidade.;;NORMAL;normal;INTESTINO DELGADO;intestino_delgado;0
130;CUEPPT;Corno uterino esquerdo discretamente aumentado de tamanho, medindo <var1> cm, com paredes finas e irregulares, preenchida por pouca quantidade de conteúdo ecogênico.;Corno uterino esquerdo: imagens ultrassonográficas são compatíveis com útero pós parto tardio, caso clinicamente indicado sugere-se acompanhamento.;ANORMAL;not_normal;ÚTERO;utero;0
129;CUDPPT;Corno uterino direito discretamente aumentado de tamanho, medindo <var1> cm, com paredes finas e irregulares, preenchida por pouca quantidade de conteúdo ecogênico.;Corno uterino direito: imagens ultrassonográficas são compatíveis com útero pós parto tardio, caso clinicamente indicado sugere-se acompanhamento.;ANORMAL;not_normal;ÚTERO;utero;0
128;UTPP;Corpo de útero discretamente aumentado de tamanho, medindo <var1> cm, com paredes finas e irregulares, preenchida por pouca quantidade de conteúdo ecogênico.;Útero: imagens ultrassonográficas são compatíveis com útero pós parto tardio, caso clinicamente indicado sugere-se acompanhamento.;ANORMAL;not_normal;ÚTERO;utero;0
127;CUE HID;corno uterino esquerdo aumentado de tamanho medindo <var1> cm, preenchido por conteúdo anecogênico e com moderada quantidade de pontos ecogênicos em suspensão. Paredes espessas e irregulares.;Corno uterino esquerdo: provável processo inflamatório / infeccioso. (hidrometra/mucometra).;ANORMAL;not_normal;ÚTERO;utero;0
126;CUEHID;corno uterino esquerdo aumentado de tamanho medindo <var1> cm, preenchido por conteúdo anecogênico e com moderada quantidade de pontos ecogênicos em suspensão. Paredes espessas e irregulares.;Corno uterino esquerdo: provável processo inflamatório / infeccioso. (hidrometra/mucometra).;ANORMAL;not_normal;ÚTERO;utero;0
125;CUD HID;corno uterino direito aumentado de tamanho medindo <var1> cm, preenchido por conteúdo anecogênico e com moderada quantidade de pontos ecogênicos em suspensão. Paredes espessas e irregulares.;Corno uterino direito: provável processo inflamatório / infeccioso. (hidrometra/mucometra).;ANORMAL;not_normal;ÚTERO;utero;0
124;CUDHID;corno uterino direito aumentado de tamanho medindo <var1> cm, preenchido por conteúdo anecogênico e com moderada quantidade de pontos ecogênicos em suspensão. Paredes espessas e irregulares.;Corno uterino direito: provável processo inflamatório / infeccioso. (hidrometra/mucometra).;ANORMAL;not_normal;ÚTERO;utero;0
123;BXGQDC;Grande quantidade de pontos ecogênicos em suspensão e depositados em parede dorsal.;Bexiga: grande quantidade de sedimentos urinários / debris celulares.;ANORMAL;not_normal;BEXIGA;bexiga;0
122;LLRCC;Nota-se em recesso cistocólico pouca quantidade de conteúdo anecogênico livre.;Pouca quantidade de líquido livre abdominal, podendo estar relacionada a reatividade processo inflamatório/infeccioso.;ANORMAL;not_normal;OUTROS;outros;0
121;PEPDC;CÓDIGO SEM DESCRIÇÃO - CASPER VAI PASSAR ATUALIZAÇÃO E ENTÃO ATUALIZAREI AQUI;;ANORMAL;not_normal;RIM ESQUERDO;rim_esquerdo;0
120;LLFIG;Nota-se quantidade de conteúdo anecogênico livre em fígado;Fígado: nota-se quantidade de líquido livre em fígado.;ANORMAL;not_normal;FÍGADO;figado;0
119;RECHI;formato mantido e localizado em topografia habitual, medindo <var1> cm de comprimento em plano dorsal. Com aumento de ecogenicidade de corticais. Não há evidências sonográficas de hidronefrose ou imagens compatíveis com cálculos.;Rim esquerdo: O aumento de ecogenicidade de cortical renal é compatível com a idade ou peso do paciente, porém frente, suspeita de nefropatia aguda, sugere-se exames complementares.;ANORMAL;not_normal;RIM ESQUERDO;rim_esquerdo;0
118;RDCHI;formato mantido e localizado em topografia habitual, medindo <var1> cm de comprimento em plano dorsal. Com aumento de ecogenicidade de corticais. Não há evidências sonográficas de hidronefrose ou imagens compatíveis com cálculos.;Rim direito: O aumento de ecogenicidade de cortical renal é compatível com a idade ou peso do paciente, porém frente, suspeita de nefropatia aguda, sugere-se exames complementares.;ANORMAL;not_normal;RIM DIREITO;rim_direito;0
117;MFIG;Nota-se em fígado estrutura de característica massa, medindo <var1> cm x <var2> cm, bem delimitada, com ecogenicidade mista, porém, predominantemente hiperecóica. Margens irregulares e limites mal definidos.;;ANORMAL;not_normal;FÍGADO;figado;0
116;ADEAPCRA;aumentada de tamanho em polo cranial, medindo <var1> cm x <var2> cm x <var3> cm (polo caudal x polo cranial x comprimento);Adrenomegalia esquerda.;ANORMAL;not_normal;ADRENAL ESQUERDA;adrenal_esquerda;0
115;VBMEB;preenchida por adequada quantidade de conteúdo anecogênico em parede dorsal nota-se moderada quantidade de material ecogênico depositado em fundo.;Vesícula biliar: moderada quantidade de lama biliar, podendo estar relacionada a hipofunção motoraevem a alteração da composição da bile.;ANORMAL;not_normal;VESÍCULA BILIAR;vesicula_biliar;0
114;TDAAR;Testículo direito aumentado de tamanho, e arredondado. - desc e imp a atualizar.;CORRIGIR DESCRIÇÃO E IMPRESSÃO DIAGNÓSTICA DE TDAAR;ANORMAL;not_normal;TESTÍCULOS;testiculos;0
113;PLLTD;Nota-se pouca quantidade de conteúdo anecogênico livre adjacente ao testículo direito.;Pouca quantidade de líquido livre adjacente ao testículo direito.;ANORMAL;not_normal;TESTÍCULOS;testiculos;0
112;PLLTE;Nota-se pouca quantidade de conteúdo anecogênico livre adjacente ao testículo esquerdo.;Pouca quantidade de líquido livre adjacente ao testículo esquerdo.;ANORMAL;not_normal;TESTÍCULOS;testiculos;0
111;TDEP;Testículo direito em bolsa escrotal com perda de sua linha mediastinal, epidídimo esquerdo aumentado medindo <var1> cm, heterogêneo e com a ecogenicidade mista.;Epididimite direita;ANORMAL;not_normal;TESTÍCULOS;testiculos;0
110;TEEP;Testículo esquerdo em bolsa escrotal com perda de sua linha mediastinal, epidídimo esquerdo aumentado medindo <var1> cm, heterogêneo e com a ecogenicidade mista.;Epididimite esquerda;ANORMAL;not_normal;TESTÍCULOS;testiculos;0
109;HMT;aumentado de tamanho, porém com forma, contorno e ecogenicidade preservadas. Parênquima heterogêneo apresentando pequenos pontos hipoecóicos multifocais de margens bem definidas e regulares.;"Esplenomegalia. 
Imagens ultrassonográficas esplênicas são sugestivas de hematopoiese extramedular, reatividade a processo inflamatório/infeccioso, não podendo descartar por completo processo neoplásico.";ANORMAL;not_normal;BAÇO;baco;3
108;BXCAAB;CALCULO EM BEXIGA APÓS BALOTAMENTO - DESC E IMP ATUALIZARÃO DEPOIS;CORRIGIR DESCRIÇÃO E IMPRESSÃO DIAGNÓSTICA DE BXCAAB;ANORMAL;not_normal;BEXIGA;bexiga;0
107;GENT;Intestino delgado preenchidas por conteúdo gasoso e mucoso, apresentando perda da estratificação parietal.;;ANORMAL;not_normal;INTESTINO DELGADO;intestino_delgado;0
105;RDPPD;rim direito com tamanho preservado, medindo <var1> cm, pouca perda da diferenciação corticomedular. Relação corticomedular preservada.;Não se descarta nefropatia. Caso clinicamente indicado, sugere-se exames complementares.;ANORMAL;not_normal;RIM DIREITO;rim_direito;0
104;BXCOAG;em parede dorsal nota-se estrutura amorfa, ecogênica, de limites mal definidos e irregulares, medindo <var1> cm.;Coágulo em bexiga.;ANORMAL;not_normal;BEXIGA;bexiga;0
103;LPEAEA;Lobo pancreático esquerdo aumentado de tamanho medindo <var1> cm, heterogêneo e com ecogenicidade aumentada.;Pâncreas: provável pancreatite crônica, caso clinicamente indicado sugere-se exames complementares.;ANORMAL;not_normal;PÂNCREAS;pancreas;0
102;VAG;canal vaginal apresentando paredes finas e regulares associado à pouca quantidade de conteúdo anecogênico, medindo <var1> cm.;Pouca quantidade de conteúdo em canal vaginal, podendo estar relacionado a processo inflamatório / infeccioso (vaginite).;ANORMAL;not_normal;ÚTERO;utero;0
101;ESTDIL;dilatado por conteúdo gasoso, mucoso e alimentar denso, medindo a estrutura densa <var1> cm, formando sombreamento acústico posterior, paredes de aspecto sonográfico mantido com padrão em camadas.;A estrutura caracterizada em estômago é compatível com conteúdo alimentar denso.;ANORMAL;not_normal;ESTÔMAGO;estomago;0
100;CUE PIO;corno uterino esquerdo aumentado de tamanho medindo <var1> cm, preenchido por conteúdo anecogênico e com moderada quantidade de pontos ecogênicos em suspensão. Paredes espessas e irregulares.;Corno uterino esquerdo: provável processo inflamatório / infeccioso. (hidrometra/mucometra).;ANORMAL;not_normal;ÚTERO;utero;0
99;CUEPIO;corno uterino esquerdo aumentado de tamanho medindo <var1> cm, preenchido por conteúdo anecogênico e com moderada quantidade de pontos ecogênicos em suspensão. Paredes espessas e irregulares.;Corno uterino esquerdo: provável processo inflamatório / infeccioso. (hidrometra/mucometra).;ANORMAL;not_normal;ÚTERO;utero;0
98;CUD PIO;corno uterino direito aumentado de tamanho medindo <var1> cm, preenchido por conteúdo anecogênico e com moderada quantidade de pontos ecogênicos em suspensão. Paredes espessas e irregulares.;Corno uterino direito: provável processo inflamatório / infeccioso. (hidrometra/mucometra).;ANORMAL;not_normal;ÚTERO;utero;0
97;CUDPIO;corno uterino direito aumentado de tamanho medindo <var1> cm, preenchido por conteúdo anecogênico e com moderada quantidade de pontos ecogênicos em suspensão. Paredes espessas e irregulares.;Corno uterino direito: provável processo inflamatório / infeccioso. (hidrometra/mucometra).;ANORMAL;not_normal;ÚTERO;utero;0
96;LPEHIPER;Lobo pancreático esquerdo medindo <var1> cm, heterogêneo e com ecogenicidade aumentada.;Pâncreas: provável pancreatite crônica, caso clinicamente indicado sugere-se exames complementares.;ANORMAL;not_normal;PÂNCREAS;pancreas;0
95;ESTTRICO;com conteúdo luminal de padrão misto (gás e alimento), paredes de aspecto sonográfico mantido com padrão em camadas. Em fundo gástrico nota-se estrutura de superfície hiperecogênica formadora de discreto sombreamento acústico posterior medindo <var1> cm.;Estômago: provável tricobezoar (bola de pelo).;ANORMAL;not_normal;ESTÔMAGO;estomago;0
94;DUOE;Duodeno espessado, medindo <var1> cm, estratificação parietal preservada.;Aspectos ultrassonográficos de duodeno indicam processo inflamatório / infeccioso.;ANORMAL;not_normal;INTESTINO DELGADO;intestino_delgado;0
93;DUOESP;Duodeno espessado, medindo <var1> cm, estratificação parietal preservada.;Aspectos ultrassonográficos de duodeno indicam processo inflamatório / infeccioso.;ANORMAL;not_normal;INTESTINO DELGADO;intestino_delgado;0
92;UT PIO;Corpo de útero aumentado de tamanho medindo <var1> cm, preenchido por conteúdo anecogênico e com moderada quantidade de pontos ecogênicos em suspensão. Paredes espessas e irregulares.;Útero: processo inflamatório / infeccioso (piometra/mucometra).;ANORMAL;not_normal;ÚTERO;utero;0
91;UTPIO;Corpo de útero aumentado de tamanho medindo <var1> cm, preenchido por conteúdo anecogênico e com moderada quantidade de pontos ecogênicos em suspensão. Paredes espessas e irregulares.;Útero: processo inflamatório / infeccioso (piometra/mucometra).;ANORMAL;not_normal;ÚTERO;utero;0
90;UT;Corpo de útero dentro da normalidade, medindo <var1> cm, com ecotextura e ecogenicidade preservados.;;NORMAL;normal;ÚTERO;utero;0
89;UTPPINF;corpo de útero aumentado de tamanho medindo <var1> cm, preenchido por conteúdo ecogênico com moderada quantidade de pontos ecogênicos em suspensão. Paredes espessas e irregulares.;Útero: processo inflamatório / infeccioso (piometra/mucometra).;ANORMAL;not_normal;ÚTERO;utero;0
88;LPEA;lobo pancreático esquerdo aumentado de tamanho, medindo <var1> cm, homogêneo e com ecogenicidade dentro da normalidade.;Pâncreas: provável pancreatopatia, caso clinicamente indicado sugere-se exames complementares;ANORMAL;not_normal;PÂNCREAS;pancreas;0
87;JEJ11PP;Poucas porções de jejuno apresentando camada muscular espessada, medindo <var1> cm, relação de 1:1 com camada mucosa, que mede <var2> cm.;Jejuno: provável processo infiltrativo em camada muscular, podendo estar relacionado à doença inflamatória intestinal e/ou processo neoplásico. Sugere-se exames complementares;ANORMAL;not_normal;INTESTINO DELGADO;intestino_delgado;0
86;TRICOBEZOAR;com conteúdo luminal de padrão misto (gás e alimento), paredes de aspecto sonográfico mantido com padrão em camadas. Em fundo gástrico nota-se estrutura de superfície hiperecogênica formadora de discreto sombreamento acústico posterior medindo <var1> cm.;Estômago: provável tricobezoar (bola de pelo).;ANORMAL;not_normal;ESTÔMAGO;estomago;0
85;TRICOBEZO;com conteúdo luminal de padrão misto (gás e alimento), paredes de aspecto sonográfico mantido com padrão em camadas. Em fundo gástrico nota-se estrutura de superfície hiperecogênica formadora de discreto sombreamento acústico posterior medindo <var1> cm.;Estômago: provável tricobezoar (bola de pelo).;ANORMAL;not_normal;ESTÔMAGO;estomago;0
84;BARNDN;Baço aumentado de tamanho, apresentando ecotextura heterogênea e ecogenicidade mista, com margens de discreta a moderadamente irregulares.;Baço: esplenomegalia. Reativo a processo inflamatório / infeccioso não podendo descartar por completo processo neoplásico.;ANORMAL;not_normal;BAÇO;baco;0
83;UTHIDRO;Corpo de útero aumentado de tamanho medindo <var1> cm, preenchido por conteúdo anecogênico e com moderada quantidade de pontos ecogênicos em suspensão. Paredes espessas e irregulares.;Útero: provável processo inflamatório / infeccioso. (hidrometra/mucometra).;ANORMAL;not_normal;ÚTERO;utero;0
82;CUDHIDRO;corno uterino direito aumentado de tamanho medindo <var1> cm, preenchido por conteúdo anecogênico e com moderada quantidade de pontos ecogênicos em suspensão. Paredes espessas e irregulares.;Corno uterino direito: provável processo inflamatório / infeccioso. (hidrometra/mucometra).;ANORMAL;not_normal;ÚTERO;utero;0
81;CUD HIDRO;corno uterino direito aumentado de tamanho medindo <var1> cm, preenchido por conteúdo anecogênico e com moderada quantidade de pontos ecogênicos em suspensão. Paredes espessas e irregulares.;Corno uterino direito: provável processo inflamatório / infeccioso. (hidrometra/mucometra).;ANORMAL;not_normal;ÚTERO;utero;0
80;CUEHIDRO;corno uterino esquerdo aumentado de tamanho medindo <var1> cm, preenchido por conteúdo anecogênico e com moderada quantidade de pontos ecogênicos em suspensão. Paredes espessas e irregulares.;Corno uterino esquerdo: provável processo inflamatório / infeccioso. (hidrometra/mucometra).;ANORMAL;not_normal;ÚTERO;utero;0
79;CUE HIDRO;corno uterino esquerdo aumentado de tamanho medindo <var1> cm, preenchido por conteúdo anecogênico e com moderada quantidade de pontos ecogênicos em suspensão. Paredes espessas e irregulares.;Corno uterino esquerdo: provável processo inflamatório / infeccioso. (hidrometra/mucometra).;ANORMAL;not_normal;ÚTERO;utero;0
78;VBBD;repleta, paredes em borda dupla, ecogênicas, apresentando halo hipoecogênico central, com conteúdo anecogênico e homogêneo.;Vesícula biliar: o edema de parede tem como principais diferenciais: choque anafilático, hipoproteinemia, colecistite, anemia imunomediada ou problemas em tórax, como efusão pericárdica e/ou insuficiência cardíaca congestiva direita.;ANORMAL;not_normal;VESÍCULA BILIAR;vesicula_biliar;0
77;ADDDIM;diminuída de tamanho, medindo <var1> cm x <var2> cm x <var3> cm (polo caudal x polo cranial x comprimento).;Adrenal direita diminuída de tamanho.;ANORMAL;not_normal;ADRENAL DIREITA;adrenal_direita;71
76;FIGHIP;de dimensões fora dos limites do gradil costal, superfície lisa, margens afiladas, ecotextura dentro dos limites da normalidade. Ecogenicidade aumentada. Arquitetura vascular portal e intra-hepática preservadas quanto ao calibre e trajeto dos vasos.;O aumento da ecogenicidade hepática possui como principais diagnósticos diferenciais: esteatose, hepatopatia esteroidal.;ANORMAL;not_normal;FÍGADO;figado;0
75;BXCA;em parede dorsal nota-se estrutura de superfície hiperecóica, medindo <var1> cm, formando sombreamento acústico posterior.;Cálculo em bexiga.;ANORMAL;not_normal;BEXIGA;bexiga;0
74;FAR;de dimensões fora dos limites do gradil costal, superfície lisa, margens afiladas, ecotextura dentro dos limites da normalidade. Ecogenicidade diminuída. Arquitetura vascular portal e intra-hepática preservadas quanto ao calibre e trajeto dos vasos.;Hepatomegalia. Fígado reativo a processo inflamatório/infeccioso/toxêmico.;ANORMAL;not_normal;FÍGADO;figado;0
73;RDA;Aumentado de tamanho, medindo <var1> cm de comprimento em plano dorsal.;Nefromegalia direita podendo estar relacionada a nefropatia aguda.;ANORMAL;not_normal;RIM DIREITO;rim_direito;0
72;REA;Aumentado de tamanho, medindo <var1> cm de comprimento em plano dorsal.;Nefromegalia esquerda podendo estar relacionada a nefropatia aguda.;ANORMAL;not_normal;RIM ESQUERDO;rim_esquerdo;0
71;PDHIDRO;Pelve renal dilatada evoluindo para processo de hidronefrose, medindo <var1> cm;Pielectasia direita evoluindo para hidronefrose.;ANORMAL;not_normal;RIM DIREITO;rim_direito;0
70;PEHIDRO;Pelve renal dilatada evoluindo para processo de hidronefrose, medindo <var1> cm;Pielectasia esquerda evoluindo para hidronefrose.;ANORMAL;not_normal;RIM ESQUERDO;rim_esquerdo;0
69;EDCA;Estômago dilatado por conteúdo alimentar.;Estômago: dilatado por conteúdo alimentar. Caso clinicamente indicado, sugere-se acompanhamento.;ANORMAL;not_normal;ESTÔMAGO;estomago;0
68;COLONE;parede espessada, medindo aproximadamente <var1> cm. Estratificação parietal mantida,;Cólon: processo inflamatório/infeccioso (colite).;ANORMAL;not_normal;CÓLON;colon;0
67;DUO;Duodeno medindo <var1> cm, com estratificação parietal preservada.;;NORMAL;normal;INTESTINO DELGADO;intestino_delgado;0
66;ESTINF;repleto por conteúdo gasoso e mucoso. Parede espessa em corpo gástrico (medindo aproximadamente cm) com estratificação parietal mantida.;Estômago: processo inflamatório / infeccioso (gastrite).;ANORMAL;not_normal;ESTÔMAGO;estomago;0
65;PD;Pelve renal dilatada, medindo <var1> cm.;Pielectasia direita.;ANORMAL;not_normal;RIM DIREITO;rim_direito;0
64;PE;Pelve renal dilatada, medindo <var1> cm.;Pielectasia Esquerda;ANORMAL;not_normal;RIM ESQUERDO;rim_esquerdo;0
63;ADEA;aumentada de tamanho, medindo <var1> cm x <var2> cm x <var3> cm (polo caudal x polo cranial x comprimento);Adrenomegalia esquerda.;ANORMAL;not_normal;ADRENAL ESQUERDA;adrenal_esquerda;0
62;ADDA;aumentada de tamanho, medindo <var1> cm x <var2> cm x <var3> cm (polo caudal x polo cranial x comprimento);Adrenomegalia direita.;ANORMAL;not_normal;ADRENAL DIREITA;adrenal_direita;0
61;VBCALC;repleta, paredes finas e ecogênicas com conteúdo anecogênico e homogêneo. Em parede dorsal nota-se estrutura hiperecogênica, formadora de sombreamento acústico posterior, medindo <var1> cm.;Cálculo em vesícula biliar.;ANORMAL;not_normal;VESÍCULA BILIAR;vesicula_biliar;0
60;VB CALC;repleta, paredes finas e ecogênicas com conteúdo anecogênico e homogêneo. Em parede dorsal nota-se estrutura hiperecogênica, formadora de sombreamento acústico posterior, medindo <var1> cm.;Cálculo em vesícula biliar.;ANORMAL;not_normal;VESÍCULA BILIAR;vesicula_biliar;0
59;CALC VB;repleta, paredes finas e ecogênicas com conteúdo anecogênico e homogêneo. Em parede dorsal nota-se estrutura hiperecogênica, formadora de sombreamento acústico posterior, medindo <var1> cm.;Cálculo em vesícula biliar.;ANORMAL;not_normal;VESÍCULA BILIAR;vesicula_biliar;0
58;AEROFAGIA;repleto por conteúdo gasoso (aerofagia), paredes de aspecto sonográfico mantido com padrão em camadas.;Estômago: dilatado (aerofagia). Caso clinicamente indicado sugere-se exames complementares.;ANORMAL;not_normal;ESTÔMAGO;estomago;0
57;AERO;repleto por conteúdo gasoso (aerofagia), paredes de aspecto sonográfico mantido com padrão em camadas.;Estômago: dilatado (aerofagia). Caso clinicamente indicado sugere-se exames complementares.;ANORMAL;not_normal;ESTÔMAGO;estomago;0
56;AEROFAG;repleto por conteúdo gasoso (aerofagia), paredes de aspecto sonográfico mantido com padrão em camadas.;Estômago: dilatado (aerofagia). Caso clinicamente indicado sugere-se exames complementares.;ANORMAL;not_normal;ESTÔMAGO;estomago;0
55;JEJ 11 POUCAS PORCOES;Poucas porções de jejuno apresentando camada muscular espessada, medindo <var1> cm, relação de 1:1 com camada mucosa, que mede <var2> cm.;Jejuno: provável processo infiltrativo em camada muscular, podendo estar relacionado à doença inflamatória intestinal e/ou processo neoplásico. Sugere-se exames complementares;ANORMAL;not_normal;INTESTINO DELGADO;intestino_delgado;0
54;HEMATO;aumentado de tamanho, porém com forma, contorno e ecogenicidade preservadas. Parênquima heterogêneo apresentando pequenos pontos hipoecóicos multifocais de margens bem definidas e regulares.;"Esplenomegalia. 
Imagens ultrassonográficas esplênicas são sugestivas de hematopoiese extramedular, reatividade a processo inflamatório/infeccioso, não podendo descartar por completo processo neoplásico.";ANORMAL;not_normal;BAÇO;baco;0
53;HEMATOPOIESE;aumentado de tamanho, porém com forma, contorno e ecogenicidade preservadas. Parênquima heterogêneo apresentando pequenos pontos hipoecóicos multifocais de margens bem definidas e regulares.;"Esplenomegalia. 
Imagens ultrassonográficas esplênicas são sugestivas de hematopoiese extramedular, reatividade a processo inflamatório/infeccioso, não podendo descartar por completo processo neoplásico.";ANORMAL;not_normal;BAÇO;baco;0
52;GASTROENTERITE;Mesentério adjacente a intestino grosso hiperecoico.;;ANORMAL;not_normal;OUTROS;outros;0
51;GASTROENTERITE;Cólon ascendente, transverso e descendente dilatados conteúdo anecogênico, com paredes finas;;ANORMAL;not_normal;CÓLON;colon;0
50;GASTROENTERITE;Preenchido por conteúdo gasoso e mucoso, apresentando perda da estratificação parietal.;;ANORMAL;not_normal;INTESTINO DELGADO;intestino_delgado;0
49;GASTROENTERITE;dilatado por conteúdo anecogênico e mucoso. Parede espessa, com perda da estratificação parietal. Ausência de movimentos peristálticos.;Imagens ultrassonográficas de estômago, intestino delgado e grosso são compatíveis com importante processo inflamatório / infeccioso.;ANORMAL;not_normal;ESTÔMAGO;estomago;0
48;B+;aumentado de tamanho, margens discretamente arredondadas, porém, contorno, ecogenicidade e ecotextura preservadas.;Esplenomegalia;ANORMAL;not_normal;BAÇO;baco;0
47;BA;aumentado de tamanho, margens discretamente arredondadas, porém, contorno, ecogenicidade e ecotextura preservadas.;Esplenomegalia;ANORMAL;not_normal;BAÇO;baco;0
46;MUCOSA HIPER;Camada mucosa com aumento da ecogenicidade.;O aumento da ecogenicidade de camada mucosa pode ser um indicativo de processo inflamatório , porém não se descarta por completo linfangiectasia (rara em pacientes felinos).;ANORMAL;not_normal;INTESTINO DELGADO;intestino_delgado;0
45;JEJ11;Poucas porções de jejuno apresentando camada muscular espessada, medindo <var1> cm, relação de 1:1 com camada mucosa, que mede <var2> cm.;Jejuno: provável processo infiltrativo em camada muscular, podendo estar relacionado à doença inflamatória intestinal e/ou processo neoplásico. Sugere-se exames complementares;ANORMAL;not_normal;INTESTINO DELGADO;intestino_delgado;0
44;JEJ 11;Poucas porções de jejuno apresentando camada muscular espessada, medindo <var1> cm, relação de 1:1 com camada mucosa, que mede <var2> cm.;Jejuno: provável processo infiltrativo em camada muscular, podendo estar relacionado à doença inflamatória intestinal e/ou processo neoplásico. Sugere-se exames complementares;ANORMAL;not_normal;INTESTINO DELGADO;intestino_delgado;0
43;ADD+;aumentada de tamanho, medindo <var1> cm x <var2> cm x <var3> cm (polo caudal x polo cranial x comprimento);Adrenomegalia direita;ANORMAL;not_normal;ADRENAL DIREITA;adrenal_direita;0
42;RDFCHI;formato mantido e localizado em topografia habitual, medindo <var1> cm de comprimento em plano dorsal. Com aumento de ecogenicidade de corticais. Não há evidências sonográficas de hidronefrose ou imagens compatíveis com cálculos.;Rim direito: O aumento de ecogenicidade de cortical renal é compatível com a idade ou peso do paciente, porém frente, suspeita de nefropatia aguda, sugere-se exames complementares.;ANORMAL;not_normal;RIM DIREITO;rim_direito;0
41;REFCHI;formato mantido e localizado em topografia habitual, medindo <var1> cm de comprimento em plano dorsal. Com aumento de ecogenicidade de corticais. Não há evidências sonográficas de hidronefrose ou imagens compatíveis com cálculos.;Rim esquerdo: O aumento de ecogenicidade de cortical renal é compatível com a idade ou peso do paciente, porém frente, suspeita de nefropatia aguda, sugere-se exames complementares.;ANORMAL;not_normal;RIM ESQUERDO;rim_esquerdo;0
40;CISTITE;repleta por conteúdo anecogênico, com parede cranioventral espessadas e irregulares, medindo <var1> cm.;Bexiga: processo inflamatório/infeccioso (cistite).;ANORMAL;not_normal;BEXIGA;bexiga;0
39;ILEOESP;Íleo espessado, medindo <var1> cm, estratificação parietal preservada.;Aspectos ultrassonográficos de íleo indicam processo inflamatório / infeccioso.;ANORMAL;not_normal;INTESTINO DELGADO;intestino_delgado;0
38;ADE+;aumentada de tamanho, medindo <var1> cm x <var2> cm x <var3> cm (polo caudal x polo cranial x comprimento);Adrenomegalia esquerda;ANORMAL;not_normal;ADRENAL ESQUERDA;adrenal_esquerda;0
37;FIGREA;de dimensões dentro dos limites do gradil costal, superfície lisa, margens afiladas, ecotextura dentro dos limites da normalidade. Ecogenicidade diminuída. Arquitetura vascular portal e intra-hepática preservadas quanto ao calibre e trajeto dos vasos.;;ANORMAL;not_normal;FÍGADO;figado;0
36;LPDAAG;Lobo pancreático direito aumentado de tamanho, medindo <var1> cm, heterogêneo e com ecogenicidade diminuída.;Pâncreas: provável pancreatite aguda, caso clinicamente indicado sugere-se exames complementares.;ANORMAL;not_normal;PÂNCREAS;pancreas;0
35;LPEAAG;Lobo pancreático esquerdo aumentado de tamanho, medindo <var1> cm, heterogêneo, com ecogenicidade diminuída.;Pâncreas: provável pancreatite aguda, caso clinicamente indicado sugere-se exames complementares.;ANORMAL;not_normal;PÂNCREAS;pancreas;0
34;VBPEB;preenchida por adequada quantidade de conteúdo anecogênico em parede dorsal nota-se pouca quantidade de material ecogênico depositado em fundo.;Vesícula biliar: discreta quantidade de lama biliar, podendo estar relacionada a hipofunção motora biliar (senescência) ou comorbidades que levem a alteração da composição da bile.;ANORMAL;not_normal;VESÍCULA BILIAR;vesicula_biliar;0
33;VBDIL;repleta, paredes espessadas, medindo <var1> cm e hiperecogênicas com conteúdo anecogênico e homogêneo.;Vesícula biliar: processo inflamatório/infeccioso (colecistite).;ANORMAL;not_normal;VESÍCULA BILIAR;vesicula_biliar;0
32;HID;Em região inguinal direita nota-se descontinuidade de parede muscular, medindo <var1> cm aproximadamente, com conteúdo herniado no momento deste exame: gordura abdominal.;Presença de hérnia inguinal com gordura abdominal herniada no momento do exame.;ANORMAL;not_normal;OUTROS;outros;0
31;HIE;Em região inguinal esquerda nota-se descontinuidade de parede muscular, medindo <var1> cm aproximadamente, com conteúdo herniado no momento deste exame: gordura abdominal.;Presença de hérnia inguinal com gordura abdominal herniada no momento do exame.;ANORMAL;not_normal;OUTROS;outros;0
30;COLANGITE;ducto biliar comum, dilatado, medindo <var1> cm, paredes espessadas e irregulares, preenchido por conteúdo anecogênico.;Ducto biliar comum: processo inflamatório / infeccioso (colangite);ANORMAL;not_normal;VESÍCULA BILIAR;vesicula_biliar;4
29;COLECISTITE;repleta, paredes espessadas, medindo <var1> cm e hiperecogênicas com conteúdo anecogênico e homogêneo.;;ANORMAL;not_normal;VESÍCULA BILIAR;vesicula_biliar;7
28;VBESP;repleta, paredes espessadas, medindo <var1> cm e hiperecogênicas com conteúdo anecogênico e homogêneo.;Vesícula biliar: processo inflamatório/infeccioso (colecistite).;ANORMAL;not_normal;VESÍCULA BILIAR;vesicula_biliar;2
27;VB ESP;repleta, paredes espessadas, medindo <var1> cm e hiperecogênicas com conteúdo anecogênico e homogêneo.;Vesícula biliar: processo inflamatório/infeccioso (colecistite).;ANORMAL;not_normal;VESÍCULA BILIAR;vesicula_biliar;3
26;LAMA BILIAR;preenchida por adequada quantidade de conteúdo anecogênico em parede dorsal nota-se pouca/moderada/importante quantidade de material ecogênico depositado em fundo.;Vesícula biliar: moderada/discreta/importante quantidade de lama biliar, podendo estar relacionada a hipofunção motora biliar (senilidade) ou comorbidades que levem a alteração da composição da bile.;ANORMAL;not_normal;VESÍCULA BILIAR;vesicula_biliar;0
25;ESTASE BILIAR;preenchida por adequada quantidade de conteúdo anecogênico. Em parede dorsal nota-se moderada quantidade de material ecogênico.;Vesícula biliar: moderada quantidade de lama biliar, podendo estar relacionada a hipofunção motora biliar (senilidade) ou comorbidades que levem a alteração da composição da bile.;ANORMAL;not_normal;VESÍCULA BILIAR;vesicula_biliar;0
24;RECVI;formato mantido e localizado em topografia habitual. Com cortical irregular. Não há evidências sonográficas de hidronefrose ou imagens compatíveis com cálculos.;Rim esquerdo: não se descarta nefropatia, sugere-se exames complementares.;ANORMAL;not_normal;RIM ESQUERDO;rim_esquerdo;2
23;RDCVI;formato mantido e localizado em topografia habitual. Com cortical irregular. Não há evidências sonográficas de hidronefrose ou imagens compatíveis com cálculos.;Rim direito: não se descarta nefropatia, sugere-se exames complementares.;ANORMAL;not_normal;RIM DIREITO;rim_direito;1
22;RESM;<var1> cm de comprimento em plano dorsal. Visibiliza-se imagem hiperecogênica que margeia medular renal;O sinal da medular renal  pode estar relacionada com nefropatia ou mesmo um achado em pacientes normais, sugere-se associação com demais achados.;ANORMAL;not_normal;RIM ESQUERDO;rim_esquerdo;1
21;RDSM;<var1> cm de comprimento em plano dorsal. Visibiliza-se imagem hiperecogênica que margeia medular renal;O sinal da medular renal  pode estar relacionada com nefropatia ou mesmo um achado em pacientes normais, sugere-se associação com demais achados.;ANORMAL;not_normal;RIM DIREITO;rim_direito;1
20;IRA;<var1> cm de comprimento em plano dorsal, com perda da relação e diferenciação corticomedular.;Rins: provável nefropatia aguda, caso clinicamente indicado sugere-se exames complementares.;ANORMAL;not_normal;RIM DIREITO;rim_direito;6
19;EGAS;repleto por conteúdo gasoso e mucoso. Parede espessa em corpo gástrico (medindo aproximadamente <var1> cm) com estratificação parietal mantida.;Estômago: processo inflamatório/infeccioso (gastrite).;ANORMAL;not_normal;ESTÔMAGO;estomago;0
18;EG;repleto por conteúdo gasoso e mucoso. Parede espessa em corpo gástrico (medindo aproximadamente <var1> cm) com estratificação parietal mantida.;Estômago: processo inflamatório/infeccioso (gastrite).;ANORMAL;not_normal;ESTÔMAGO;estomago;3
17;CUECUD;cornos uterinos medindo aproximadamente <var1>, paredes finas e regulares.;;NORMAL;normal;ÚTERO;utero;3
16;CEEST;Em fundo gástrico nota-se estrutura de superfície hiperecogênica, formadora de sombreamento acústico posterior, medindo <var1> cm, sem perfuração ou obstrução no momento deste exame.;Estômago: corpo estranho em estômago, sem perfuração ou obstrução no momento deste exame.;ANORMAL;not_normal;ESTÔMAGO;estomago;30
15;JCMCH;Parede muscular de jejuno com ecogenicidade aumentada.;O aumento da ecogenicidade de parede muscular em jejuno pode estar relacionado a processo infiltrativo/linfangectasia inicial.;ANORMAL;not_normal;INTESTINO DELGADO;intestino_delgado;4
14;COLITE;Cólon descendente com parede espessada (medindo aproximadamente <var1> cm), porém, com relação parietal preservada.;Cólon descendente: processo inflamatório / infeccioso (colite).;ANORMAL;not_normal;CÓLON;colon;1
13;ADD;<var1> cm x <var2> cm x <var3> cm (polo caudal x polo cranial x comprimento);;NORMAL;normal;ADRENAL DIREITA;adrenal_direita;1
12;ADE;<var1> cm x <var2> cm x <var3> cm (polo caudal x polo cranial x comprimento);;NORMAL;normal;ADRENAL ESQUERDA;adrenal_esquerda;0
11;RE;<var1> cm de comprimento em plano dorsal.;;NORMAL;normal;RIM ESQUERDO;rim_esquerdo;2
10;RD;<var1> cm de comprimento em plano dorsal.;;NORMAL;normal;RIM DIREITO;rim_direito;6
6;BXC;Repleta por conteúdo anecogênico, com parede cranio ventral espessadas e irregulares, medindo <var1> cm.;Bexiga: processo inflamatório/infeccioso (cistite).;ANORMAL;not_normal;BEXIGA;bexiga;3
5;FR;de dimensões dentro dos limites do gradil costal, superfície lisa, margens afiladas, ecotextura dentro dos limites da normalidade. Ecogenicidade diminuída. Arquitetura vascular portal e intra-hepática preservadas quanto ao calibre e trajeto dos vasos.;Fígado: reativo a processo inflamatório/infeccioso/toxêmico.;ANORMAL;not_normal;FÍGADO;figado;2
4;F+R;de dimensões fora dos limites do gradil costal, superfície lisa, margens afiladas, ecotextura dentro dos limites da normalidade. Ecogenicidade diminuída. Arquitetura vascular portal e intra-hepática preservadas quanto ao calibre e trajeto dos vasos.;"Hepatomegalia. 
Fígado: reativo a processo inflamatório/infeccioso/toxêmico.";ANORMAL;not_normal;FÍGADO;figado;29
3;BAR;aumentado de tamanho, forma, contorno e ecotextura preservadas. Parênquima com ecogenicidade diminuída.;Esplenomegalia.aumentado de tamanho, forma, contorno e ecotextura preservadas. Parênquima com ecogenicidade diminuída.;ANORMAL;not_normal;BAÇO;baco;4
